index,ポストID,日付,ポスト本文,ポストのリンク,インプレッション数,いいね,エンゲージメント,ブックマーク,共有された回数,新しいフォロー,返信,リポスト,プロフィールへのアクセス数,詳細のクリック数,URLのクリック数,ハッシュタグのクリック数,パーマリンクのクリック数
0,2070476434972586193,"Fri, Jun 26, 2026",【海外サンリオ新情報📢】 台湾のアパレルブランドCACOにて、6月30日から「夏日大集合シリーズ」がスタート！ 今回のコラボには、ハローキティ、シナモロール、ポチャッコ、ハンギョドンといった人気メンバーが大集合するとのこと。 どんな夏コーデアイテムが飛び出すか楽しみですね。 #シナモロール https://t.co/qWs5jK4LTO,https://x.com/sanrio_fan_jp/status/2070476434972586193,12071,21,46,9,1,0,0,5,9,10,0,1,0
1,2094546114821402714,"Mon, Aug 31, 2026",かわいい💕 https://t.co/uL8tVwWWF0,https://x.com/sanrio_fan_jp/status/2094546114821402714,150705,1359,16842,211,47,1,0,145,77,131,2,0,0
2,2095287270094041310,"Wed, Sep 2, 2026",【国内グッズ情報】 ハローキティのシャワーサンダルが【受注生産】で登場！🎀✨ 日焼けしたギャルっぽいキティちゃんやエモかわいい平成レトロ、天使の羽が生えたゆめかわデザインなど、注目の全8種類がラインナップ！ https://t.co/Y5HEJ3OPWd,https://x.com/sanrio_fan_jp/status/2095287270094041310,7853,51,515,9,1,0,0,11,13,10,2,0,0
3,2075419756841271798,"Fri, Jul 10, 2026",＼ほっぺちゃん×サンリオコラボ／ サン宝石の「ほっぺちゃん」とサンリオキャラクターズがコラボした、立体感が可愛いラバーキーホルダーが登場！ 7/10(金)0:00よりサン宝石公式サイトにて販売開始されています🛒✨ ぷっくりしたフォルムがたまらない全8種、ぜひチェックしてみてね。 #サン宝石 https://t.co/Yrjlh84OSQ,https://x.com/sanrio_fan_jp/status/2075419756841271798,5183,64,187,8,2,0,0,13,5,5,1,0,0
4,2092531549912842583,"Wed, Aug 26, 2026",詳細はこちら💁‍♀️ https://t.co/L61VCXS0l6,https://x.com/sanrio_fan_jp/status/2092531549912842583,3843,3,472,0,2,0,0,1,5,221,242,0,0
5,2092390049103147456,"Tue, Aug 25, 2026","「Hello ISETAN Hello Sanrio characters」にてHEY,BUDDYコラボ新作が登場アイテム一覧✨ ワンちゃんとお揃いで着られるスウェットやカスタマイズスタイ、ハーネスなど注目のペット・ライフスタイルグッズが盛りだくさん🐾 📍伊勢丹新宿店 本館6階 催物場 📅9/8(火)〜9/13(日) #サンリオ #伊勢丹 https://t.co/Pkkmzaq71z",https://x.com/sanrio_fan_jp/status/2092390049103147456,66247,622,8806,144,55,2,1,75,220,172,10,29,0
6,2077259363203596316,"Wed, Jul 15, 2026",＼【超癒しコラボ】「じゅん×ポムポムプリン with チームプリン」新作グッズ＆ミニフェア開催決定！🍮🌼／ イラストレーターのじゅんさんが描く、ゆるっと可愛いポムポムプリンと仲間たちのコラボグッズが登場！ https://t.co/Owk825liyk,https://x.com/sanrio_fan_jp/status/2077259363203596316,62106,927,8070,236,128,26,1,172,83,310,6,28,0
7,2093906911473418548,"Sun, Aug 30, 2026",【海外コスメ情報】 韓国オリーブヤング×make p:rem（メイクプレム）！ ポムポムプリンとコラボした限定企画セットがオリーブヤングヤングセールに登場🍮💛 レインコートを着た限定デザインのアイテムに、豪華なノベルティが付いた特別ラインナップです！ 🩵ポムポムプリン 企画セットラインナップ🩵 https://t.co/Y2q8MxMqam,https://x.com/sanrio_fan_jp/status/2093906911473418548,69502,1008,9487,218,56,2,0,109,74,114,6,42,0
8,2085838540861231564,"Fri, Aug 7, 2026",【🇭🇰海外グッズ情報】サンリオキャラクターズ「職業夢想家（職業ドリーマー）シリーズ」のぬいぐるみ＆マスコットチャームが登場！✨ https://t.co/efzFjJDMs1,https://x.com/sanrio_fan_jp/status/2085838540861231564,26257,274,2878,52,12,0,0,41,72,86,5,8,0
9,2074486318399373697,"Tue, Jul 7, 2026",香港行きたい🇭🇰 https://t.co/LCRoxUxKlw,https://x.com/sanrio_fan_jp/status/2074486318399373697,39346,221,2869,38,11,0,0,21,10,27,2,0,0
10,2094771929601466522,"Tue, Sep 1, 2026",日本でも今週発売されるサンリオの「メルヘンパーティデザインシリーズ」🎀 中国公式で公開されたビジュアルも可愛すぎます…！ アフタヌーンティーを楽しむドレス姿のキャラたちが勢揃い🫖💕 #サンリオ #メルヘンパーティデザインシリーズ #サンリオ新作 https://t.co/tFPIHgnLRO,https://x.com/sanrio_fan_jp/status/2094771929601466522,60209,959,3971,120,17,2,0,167,144,88,22,86,0
11,2099866404954705938,"Tue, Sep 15, 2026",🌟💙【 🛍️ シナモン冷水筒好評販売中 💙 】💙🌟 スケーターから、おうち時間が華やぐ「シナモロール」の1.9L冷水筒が好評販売中！🎉✨ 持ちやすいハンドル＆底まで洗いやすい広口設計で、毎日の使いやすさ抜群🥹💙 残量がすぐわかる便利な目盛り付き！✨ お気に入りのグッズで水分補給しちゃお。 https://t.co/QRuqSyydc1,https://x.com/sanrio_fan_jp/status/2099866404954705938,9743,215,709,30,6,1,0,25,16,57,59,1,0
12,2076496427019370572,"Mon, Jul 13, 2026",沖縄ファミリーマート限定で絶賛発売中！🌴✨ 「モルガ×サンリオキャラクターズ」のスペシャルコラボグッズが登場しています‼ ハローキティやクロミ、ポムポムプリンたちが、アーティスト・モルガの世界観によって、ポップ＆ストリートな主役級デザインに大変身🎨 【ラインナップ】 https://t.co/5hU0nk6CuH,https://x.com/sanrio_fan_jp/status/2076496427019370572,30422,156,5772,47,28,0,0,23,62,218,5,55,0
13,2082064280866988277,"Tue, Jul 28, 2026",＼はぴだんぶい×JR-PLUSコラボ開催🚅🌟／ 8/4(火)〜サンリオの「はぴだんぶい」が東海道新幹線エリアの駅ナカ店舗とコラボ！ アクスタ付きの限定駅弁や、新幹線デザインのオリジナルグッズ、ご当地おむすびなどが多数登場します✨夏のお出かけのお供にチェック必須！ #はぴだんぶい #JRPLUS https://t.co/f0nB40pn45,https://x.com/sanrio_fan_jp/status/2082064280866988277,192142,2825,34043,736,306,18,4,512,424,619,29,288,0
14,2072689543598490088,"Thu, Jul 2, 2026",100円ショップにサンリオの新作優秀グッズが続々登場中！✨ ハローキティの色んなデザインが集まったコレクションシリーズや、夏にぴったりな日焼けキャラのネイルシール💅 さらにリップに付けて持ち歩けるハート型の可愛いミニミラーまで…！ どれも100 クオリティで大満足間違いなしです💖 https://t.co/q2YLi6ZtXt,https://x.com/sanrio_fan_jp/status/2072689543598490088,31297,277,5246,34,2,0,0,14,59,40,6,9,0
15,2072067662268846587,"Tue, Jun 30, 2026",Amazonリンクはこちら💁‍♀️#pr https://t.co/erFBcwRrka,https://x.com/sanrio_fan_jp/status/2072067662268846587,948,1,65,0,0,0,0,0,0,30,34,0,0
16,2074026849903243738,"Mon, Jul 6, 2026",韓国情報＼Kリーグ × サンリオキャラクターズ コラボ決定⚽✨／ 韓国のプロサッカーリーグ「Kリーグ」とサンリオの2026年コラボビジュアルが公開されました！ https://t.co/LK9EkMYHTQ,https://x.com/sanrio_fan_jp/status/2074026849903243738,859771,5732,101583,1120,754,46,11,1336,873,2291,10,243,0
17,2079308824461353188,"Mon, Jul 20, 2026",＼7月4週より順次発売🍞/ タカラトミーアーツから「サンリオキャラクターズ しょくぱんず」がガチャに登場✨ 食パンにはさまれた姿やキュートなおしりに癒される全5種（各300円）です。見かけたらぜひ回してみてね！ #サンリオ #ガチャガチャ #しょくぱんず https://t.co/G7zdoNGQNc,https://x.com/sanrio_fan_jp/status/2079308824461353188,98105,1400,12110,205,83,1,1,208,106,189,13,142,0
18,2100356700935172242,"Wed, Sep 16, 2026",🌟💖【 🖤 新作予約情報 🖤 】💖🌟 ✨🚨 SWEET BLACKなぬいチャーム登場 🚨✨ sanrio houseから、ブラック×ピンクの配色が大人可愛すぎる「【PINK×BLACK】ぬいチャーム」の予約受付が本日スタート🖤✨ https://t.co/RBppXYfehD,https://x.com/sanrio_fan_jp/status/2100356700935172242,21904,387,1761,86,9,1,0,70,40,138,98,6,0
19,2070497274241941919,"Fri, Jun 26, 2026",カップ麺にお水を注ぐと、シュワシュワ溶けて中からラーメン姿のシナモンが出てくるブラインドフィギュアが斬新で楽しすぎる…！🍜✨ 目玉焼きの布団で寝てたり、タコさんウインナーを抱えてたり、どのラーメンシナモンも可愛さ全振り。 何が出るかワクワクするし開封動画も絶対映えるやつ。 https://t.co/hqvlqbp699,https://x.com/sanrio_fan_jp/status/2070497274241941919,56224,910,10951,197,45,2,0,154,135,168,5,19,0
20,2098169711167148402,"Thu, Sep 10, 2026",【海外グッズ情報】 MarTUBEから、ポムポムプリンのめちゃくちゃ可愛い「インタラクティブテーブルランプ」が登場しました！✨ スマホからでもサクッと読める、注目ポイントをまとめました👇 🟡ココが可愛い＆便利！ ・傘の部分がプリンのお顔に🍮 https://t.co/lP9IYtMNCP,https://x.com/sanrio_fan_jp/status/2098169711167148402,85956,2234,8113,423,139,3,1,426,128,239,6,65,0
21,2081911007933575271,"Tue, Jul 28, 2026",公式の詳細はこちら💁‍♀️ https://t.co/9wSXj1jYJf,https://x.com/sanrio_fan_jp/status/2081911007933575271,1514,0,126,1,1,1,0,0,0,59,66,0,0
22,2093903530956595613,"Sun, Aug 30, 2026","今年で20回目！日本旅行「ハローキティとあそぼう！伊東温泉」が発売開始🎀11/7(土)宿泊限定の特別ツアー！2ショット撮影会や花火観覧、ミラクル♥ライトプレゼントなどお楽しみ満載です✨ 📅出発日：2026/11/7(土)1泊2日 💰25,500円〜44,900円 詳細はこちら💁‍♀️ https://t.co/YoXj51AM7N https://t.co/RhMU0IQ2Gk",https://x.com/sanrio_fan_jp/status/2093903530956595613,24665,188,3312,59,25,1,0,24,47,214,240,13,0
23,2071159628151554280,"Sun, Jun 28, 2026",公式からはこちら💁‍♀️ https://t.co/I78tJCPqGm,https://x.com/sanrio_fan_jp/status/2071159628151554280,3279,9,1291,3,4,0,0,0,6,539,737,0,0
24,2099051289842012479,"Sun, Sep 13, 2026",【しまむらオンライン限定】サンリオキャラクターズ 寝具・インテリア特集 🎀 人気のサンリオキャラが描かれたお部屋アイテムが9/14(月)より発売開始！ ◆ 発売概要 ・日時：2026年9月14日(月) 15:00〜 ・場所：しまむらオンラインストア ◆ 主な展開アイテム ・枕カバー：￥590（税込￥649） https://t.co/NHU0WAql9o,https://x.com/sanrio_fan_jp/status/2099051289842012479,170659,1266,44811,400,114,2,0,168,210,804,52,28,0
25,2086530502543171754,"Sun, Aug 9, 2026",【海外グッズ情報】 ＼飾ってもつけても可愛い！ハローキティのプリザーブドフラワーチャーム🍎✨／ 中国の萌趣社（MOETCH）から、ロマンチックな新作アイテム「Hello Kitty 果漾之约系列 永生花」が登場！ https://t.co/VGTrRjFG0A,https://x.com/sanrio_fan_jp/status/2086530502543171754,30644,297,2715,48,8,0,0,40,20,35,2,4,0
26,2086987006371119302,"Tue, Aug 11, 2026","【新商品情報】 タカラトミーからポムポムプリンの30周年をお祝いする特別なトミカが登場🚗🍮✨ ・イエロー：30周年特別デザイン（オリジナルカード付き） ・ブルー：お仕事をがんばるデザイン（社員証風カード付き） 📅2026年10月上旬発売予定 💰各1,320円(税込) #ポムポムプリン #トミカ https://t.co/k2z9A3IuSb",https://x.com/sanrio_fan_jp/status/2086987006371119302,82967,1375,7196,255,167,17,0,201,111,236,25,41,0
27,2070667216266346645,"Sat, Jun 27, 2026",https://t.co/Wrwh5BvURf,https://x.com/sanrio_fan_jp/status/2070667216266346645,1119,3,80,0,0,0,0,1,0,1,0,0,0
28,2084194209108746441,"Mon, Aug 3, 2026",【しまむら新商品】8/5(水)より全国のしまむら店舗とオンラインストア(15:00〜)に サンリオ 新作アイテムが登場！ 車内を彩るカーグッズのほか、8/7にお誕生日を迎える ウサハナ の記念アイテムが多数ラインナップ🐰🌈日常がもっと華やかになる可愛さです✨ #しまむら https://t.co/kMX9tMhI5v,https://x.com/sanrio_fan_jp/status/2084194209108746441,15166,136,2116,24,11,18,0,9,31,375,4,5,0
29,2074968022570385856,"Wed, Jul 8, 2026",＼ 🎀 タカラトミーアーツ「PERIHAPI! 肩ズン HUG.」第2弾 🎀 ／ 人気の肩ズンフィギュアシリーズに、サンリオキャラクターズ（Hello Kitty and Friends Part.2）が登場決定！ 大好きなアイテムをぎゅっとハグしながら、お互いの肩に寄り添う姿が愛らしすぎるフィギュアです 🥹✨ 📅 https://t.co/njDcB5iBe0,https://x.com/sanrio_fan_jp/status/2074968022570385856,80248,1310,12427,289,163,3,1,194,88,467,6,23,0
30,2100201177703186891,"Wed, Sep 16, 2026",🌟💖【 海外グッズ情報：TOP TOY新作 】💖🌟 TOP TOYから「Hello Kitty Classic Revival Series Pendant Blind Box」が新登場！✨ https://t.co/IifJNtmnx4,https://x.com/sanrio_fan_jp/status/2100201177703186891,69939,692,11849,180,34,4,1,65,80,92,6,53,0
31,2078247375207006603,"Fri, Jul 17, 2026",香港のサンリオ公式から発表された新作＆再販が可愛すぎる……！事情があって現地に行ける方や、代行・インポートをチェックしているファンは必見です。 ① 香港アニコン2026限定「エジプト造型シリーズ」 7/24〜28開催の香港動漫電玩節（Booth: B03）で発売。 https://t.co/S0xb04kTrt,https://x.com/sanrio_fan_jp/status/2078247375207006603,49351,377,7966,101,21,0,0,73,80,237,1,10,0
32,2072883194014367923,"Fri, Jul 3, 2026",＼ 🥪 SUBWAY × はぴだんぶい コラボ決定！ 🥪 ／ 全国のサブウェイで、はぴだんぶいとコラボした「はぴサブサマー！キャンペーン」が7月8日（水）からスタートします✨ https://t.co/gs9uuLjl4K,https://x.com/sanrio_fan_jp/status/2072883194014367923,196533,1131,10298,184,135,4,3,243,121,225,5,65,0
33,2099613438930804951,"Mon, Sep 14, 2026",【オンライン限定コラボ】 エヴァンゲリオン × ハローキティ 🍎✨ Synchronized with HELLO KITTY エヴァのキャラクターになりきったキティちゃんのクールなコラボアパレルが登場！推し活にもデイリー使いにもぴったりなラインナップです♪ ────────────── 🛍️ https://t.co/20V5AlPv7B,https://x.com/sanrio_fan_jp/status/2099613438930804951,4352,26,288,4,0,1,0,8,6,4,1,1,0
34,2094339951949431215,"Mon, Aug 31, 2026",【100均サンリオ新作】 100円ショップにサンリオキャラクターズの日焼けデザイン「ポケット付きキーホルダー」が登場☀️ フェイスダイカットが可愛く、裏面ポケット付きでトレカやIDカード入れにも使えます！全6種✨ #サンリオグッズ #100均 #サンリオ #推し活 https://t.co/kwbZrjn9gr,https://x.com/sanrio_fan_jp/status/2094339951949431215,34163,412,4312,76,13,4,0,46,126,107,38,41,0
35,2094625864537473252,"Tue, Sep 1, 2026",【しまむら新商品】 9/5(土)より全国のしまむらにサンリオキャラクターズの新作グッズが登場🖤 大人可愛いモノクロデザインのバッグやポーチ、マスコットチャーム、靴下などラインナップも豊富✨ 🛒オンライン：9/5(土) 15:00〜（しまむらパーク） #サンリオ #しまむら #しまパト https://t.co/U5t7ar1uhq,https://x.com/sanrio_fan_jp/status/2094625864537473252,22220,173,3478,38,13,57,0,17,44,56,11,5,0
36,2089108392405357048,"Sun, Aug 16, 2026",【新商品情報】サンリオから「アイシナモロール きままにおでかけシリーズ」が登場！ 「自分のこと、もっとあいしな？」をテーマに、気ままにお出かけを楽しむアイシナの新作アイテム♪ 📅発売日 ・8/19(水) サンリオ直営店/オンライン ・8/20(木) 一部地域の店舗 #アイシナモロール #サンリオ https://t.co/jXifZ0QZ52,https://x.com/sanrio_fan_jp/status/2089108392405357048,62407,1060,8441,255,50,19,0,165,175,152,10,75,0
37,2086960612329050373,"Mon, Aug 10, 2026",【🇺🇸海外限定】 RazerからサンリオキャラクターズのNintendo Switch用スキンシールが登場🎮スキン ポムポムプリン、マイメロディ、シナモロールの3種類！ 本体やJoy-Conをかわいくドレスアップできるデザインがたまらない🥺💖 米国Target限定で販売開始されています✨ #Razer #サンリオ https://t.co/6o2OopPWRD,https://x.com/sanrio_fan_jp/status/2086960612329050373,17230,275,1887,45,14,1,0,41,25,54,4,9,0
38,2088524162059075704,"Sat, Aug 15, 2026",＼ 暑い季節のお弁当対策に！保冷機能つきお弁当箱 🍉 ／ サンリオキャラクターズの「保冷タイトランチボックス」が好評販売中✨ フタの裏に保冷剤をぴったりセット可能！取り外しもカンタン＆汁漏れしにくいタイトロック仕様で持ち運びも安心です。 容量や用途で選べる1段・2段の2タイプ！ https://t.co/cv9oT4SxJj,https://x.com/sanrio_fan_jp/status/2088524162059075704,15756,86,1211,15,1,0,0,10,12,28,12,1,0
39,2089886701007355978,"Wed, Aug 19, 2026",公式の詳細はこちら💁‍♀️ https://t.co/MCen64bpss,https://x.com/sanrio_fan_jp/status/2089886701007355978,1480,0,113,0,1,0,0,0,1,64,48,0,0
40,2081585172236190188,"Mon, Jul 27, 2026",詳細はこちら💁‍♀️ https://t.co/aaGkdqgKoK,https://x.com/sanrio_fan_jp/status/2081585172236190188,1267,1,81,1,2,0,0,0,0,45,35,0,0
41,2100218877963821094,"Wed, Sep 16, 2026",🖤✨【 日本初上陸POP-UP STORE開催 】✨🖤 「かっこよさ」と「可愛さ」が混ざり合うソウル発ブランド「GENTii（ジェンティ）」が日本初上陸！ ハローキティをダーク＆メタリックな質感で再解釈した注目の『METAL CITY』コレクションが、ラフォーレ原宿にて1ヶ月限定でPOP-UPを開催いたします☆ https://t.co/qFJyaHfSEU,https://x.com/sanrio_fan_jp/status/2100218877963821094,42898,448,5586,135,17,3,0,51,101,73,4,141,0
42,2087719946373779957,"Thu, Aug 13, 2026",詳細はこちら💁‍♀️ https://t.co/6tveNhOwDc,https://x.com/sanrio_fan_jp/status/2087719946373779957,1202,1,99,1,0,0,0,0,3,49,46,0,0
43,2079621801286738366,"Tue, Jul 21, 2026",人気商品＼かわいいぬいぐるみハウス🎀／ ちまっと可愛いぬい活にぴったりな『ちまぽてコレクション』のぬいぐるみハウス＆カー✨ ハローキティやシナモロール、クロミたちのポップな世界観が再現されたミニチュア仕様ですアパート お気に入りのぬいを可愛くディスプレイしちゃおう📸 アマゾン https://t.co/0Vt4TdMBoq,https://x.com/sanrio_fan_jp/status/2079621801286738366,10461,64,1001,17,5,0,0,9,13,32,22,1,0
44,2097701723804705164,"Wed, Sep 9, 2026",詳細はこちら💁‍♀️ https://t.co/lCcPu1UVgL,https://x.com/sanrio_fan_jp/status/2097701723804705164,1767,2,177,0,1,0,0,0,2,67,106,0,0
45,2075494596117926142,"Fri, Jul 10, 2026",既存モデルや新商品予約チェック 楽天はこちら💁‍♀️ #pr https://t.co/ddMHr5qS6F Amazonは既存商品3種がセール中です♪こちら💁‍♀️ https://t.co/cHdY7To1xQ,https://x.com/sanrio_fan_jp/status/2075494596117926142,1971,1,128,0,0,0,0,0,3,63,61,0,0
46,2099755010301350376,"Tue, Sep 15, 2026",【新商品情報】 『ポムポムプリン シールブック ず〜っと！チームプリン』登場🍮✨ ポムポムプリンとお友達「チームプリン」の仲間たちが大集合したスペシャルなシールブックが発売されます！ ────────────── 📍 商品概要 ────────────── ・発売日：2026年9月26日(土) https://t.co/9ukVac3ZgV,https://x.com/sanrio_fan_jp/status/2099755010301350376,11371,136,1107,27,5,0,1,12,11,36,24,3,0
47,2099877445117874632,"Tue, Sep 15, 2026",🌟✨💖【 🎀 サンリオ×スマホ便利グッズ 🎀 】💖✨🌟 sanrio houseより、見た目の可愛さと機能性を兼ね備えた「ぬいぐるみスマホスタンドストラップ」が好評販売中🎉✨ https://t.co/cMSkZycDMf,https://x.com/sanrio_fan_jp/status/2099877445117874632,49193,427,6000,105,24,0,0,52,64,231,163,17,0
48,2098205408309703138,"Fri, Sep 11, 2026",【サンリオキャラクターズ】押すと光る＆反射する！ぴかぴかキーホルダー3✨ 夜道の安全対策や通学・通園バッグのワンポイントにぴったりなキーホルダーが登場！ 🌟ここがおすすめポイント ・【ライト点灯】中央のボタンを押すだけで明るく光る！ https://t.co/GhTNLDhtVq,https://x.com/sanrio_fan_jp/status/2098205408309703138,33935,351,5138,57,14,0,0,29,25,339,283,8,0
49,2093147841812381843,"Fri, Aug 28, 2026",【9/12(土)〜順次発売】全国のセブン-イレブン＆イトーヨーカドーに「ポムポムプリン当りくじ」が登場予定！ 1回880円（税込）でハズレなしの豪華くじ引きです✨ https://t.co/Ltqi9f8mty,https://x.com/sanrio_fan_jp/status/2093147841812381843,85915,1393,9861,251,125,4,1,219,69,314,29,30,0
50,2090298373295460825,"Thu, Aug 20, 2026",【海外グッズ情報】サンリオ香港限定！中秋節（お月見）モチーフのプロジェクションランタンが可愛すぎる🌕✨ 香港のSanrio Gift Gateから、中秋節をお祝いする「動感立体造型投影燈籠」が登場しました！ https://t.co/pu223hjFGC,https://x.com/sanrio_fan_jp/status/2090298373295460825,9320,77,591,14,3,0,0,11,18,24,0,0,0
51,2069906128985813383,"Wed, Jun 24, 2026",アマゾンと楽天比較して見てね〜 #pr Amazonはこちら💁‍♀️ https://t.co/dMxDKAuYrA 楽天はこちら💁‍♀️ https://t.co/surZ0Dseh4,https://x.com/sanrio_fan_jp/status/2069906128985813383,1176,2,33,1,0,0,0,0,0,15,16,0,0
52,2095051691666411679,"Wed, Sep 2, 2026",【新グッズ情報】 ポムポムプリン 30周年記念 セブンネット限定グッズが登場🍮✨ 絶妙な表情やキュートなおしりなど、個性豊かなポムポムプリンの魅力が詰まったスペシャルアイテムです！ 【ラインナップ】 ◆BIG!ぬいぐるみ（全高約50cm） https://t.co/9pH0DLmqVI,https://x.com/sanrio_fan_jp/status/2095051691666411679,85783,1412,9095,279,135,8,0,231,74,1061,1239,45,0
53,2072164391638933916,"Wed, Jul 1, 2026",【速報】リーメントのサンリオ最新作フィギュア2種が11月に連続発売決定！ 本日、待望の製品画像が初公開されました。 ■ 注目ポイント ① 11/23発売「くじポン！ SURPRISE MIX!」 ・全24種のボリュームで、宝石のような輝きを放つミニフィギュア。レアリティ別に豪華な仕様が楽しめます。 ② https://t.co/HrFCE5QNEB,https://x.com/sanrio_fan_jp/status/2072164391638933916,177459,1665,38844,425,58,3,1,213,152,493,9,0,0
54,2094551457278328971,"Mon, Aug 31, 2026",安曇野食品工房（EMIAL）からポムポムプリン×カフェ太の新コラボを予感させる予告が公開🍮✨ 「Coming Soon 2026.9.1~」の文字とともに、可愛すぎるチラ見せ画像が登場しています！ 9月1日の詳細発表を楽しみに待ちましょう♪ #ポムポムプリン #EMIAL #安曇野食品工房 https://t.co/xJOvR2Z35g,https://x.com/sanrio_fan_jp/status/2094551457278328971,4306,49,130,9,0,0,0,3,9,7,3,17,0
55,2075339709518332154,"Thu, Jul 9, 2026",え、だれ……？？？👻 朝から流れて来て笑った😂 頭の上のチョボと、下からのぞく黄色い足に見覚えがあるような、ないような……。 おばけのクオリティが低すぎて愛おしい。 正解はリプ欄👇 #サンリオ #おもしろグッズ #クイズ https://t.co/4ZQfR3C36e,https://x.com/sanrio_fan_jp/status/2075339709518332154,18955,254,1301,37,21,0,1,52,29,54,1,14,0
56,2074255275687915779,"Mon, Jul 6, 2026",＼ロデオ×サンリオの最新コラボ第7弾！🌺／ RODEO CROWNSから、こんがり日焼けしたサンリオキャラクターズが夏らしいマリンスタイルで新登場します！✨ キティ、ハンギョドン、クロミ、シナモンがサングラスやハイビスカスを身につけた限定デザインが可愛すぎる…🥹 📅7/13(月) 12:00〜 https://t.co/0nc7gmsdDX,https://x.com/sanrio_fan_jp/status/2074255275687915779,97782,316,1818,56,10,9,0,29,164,323,3,164,0
57,2101116573167796479,"Sat, Sep 19, 2026",✨📣【 💚 海外グッズ情報 💚 】📣✨ 💚💛💜💚💛💜💚💛💜💚 台湾7-ELEVENから中秋節限定アイテム登場！ 「サンリオ 柚子変身ぬいぐるみ」が予約スタートゆず🌕✨ 💚💛💜💚💛💜💚💛💜💚 台湾の中秋節に欠かせない「柚子（文旦）」のかぶりものを着たサンリオキャラクターズが可愛すぎる…ゆず💖 https://t.co/Bn8ErfeB8d,https://x.com/sanrio_fan_jp/status/2101116573167796479,5837,51,391,5,0,1,0,1,5,11,2,0,0
58,2077236953028923757,"Wed, Jul 15, 2026",＼7/17〜先行発売！くまのがっこう×ハローキティがコラボ！🧸🍎／ キディランド7店舗にて販売がスタート！お揃いのサロペットを着たぬいぐるみや日常雑貨など、激カワなラインナップです。税込3300円以上購入で限定ホログラムステッカーのプレゼントも✨ #くまのがっこう #ハローキティ https://t.co/TIlKWqOXnn,https://x.com/sanrio_fan_jp/status/2077236953028923757,11980,75,1235,11,3,0,0,4,28,22,7,14,0
59,2074329461080969473,"Tue, Jul 7, 2026",＼ #はなまるおばけ 初の限定カフェがオープン決定💮 ／ 東京（7/23〜）＆大阪（8/6〜）にて「はなまるごほうびカフェ」が期間限定で開催されます✨ https://t.co/SqcONJepmS,https://x.com/sanrio_fan_jp/status/2074329461080969473,77499,1130,9939,216,71,5,1,254,210,313,2,149,0
60,2094188570773000328,"Sun, Aug 30, 2026",【海外グッズ情報】 韓国オリーブヤング限定！ヘア家電ブランドUNIXとシナモロールがコラボ💙 機内持ち込みOKなコードレスミニヘアアイロンが、夏らしい水着姿のシナモンデザインで登場🌊限定キャップ付き！ 8/30からオンライン・店舗で発売中です✨ #オリーブヤング #UNIX #シナモロール https://t.co/PSjXAUIbsj,https://x.com/sanrio_fan_jp/status/2094188570773000328,14108,171,1427,55,3,0,1,17,21,36,1,9,0
61,2095285122979467631,"Wed, Sep 2, 2026",【国内グッズ情報】 車のドリンクホルダーにぴったり！SEIWA（セイワ）からサンリオキャラクターの「ボトルティッシュ 4本セット」🚗✨ 車のドリンクホルダーやドアポケットはもちろん、お部屋のデスクやアウトドアにも馴染むおしゃれでスリムなショートボトル型です。 【主な特徴】 https://t.co/xqgwiTsNi1,https://x.com/sanrio_fan_jp/status/2095285122979467631,2813,4,81,1,0,0,0,0,3,20,10,0,0
62,2099759080894074968,"Tue, Sep 15, 2026",【新商品情報】 「ぷちっとふれーむ サンリオキャラクターズ」登場予定💖 真ん中をぷちっと抜くと可愛いフレームに変身！お気に入りのカードと合わせたり、スマホに挟んで楽しめる便利な3WAYシートです✨ ────────────── 📍 商品概要 ────────────── https://t.co/SaNjqBfYaH,https://x.com/sanrio_fan_jp/status/2099759080894074968,140232,1218,16628,503,49,19,0,219,96,543,444,31,0
63,2079902229591626108,"Wed, Jul 22, 2026",詳細はこちら💁‍♀️ https://t.co/zArY79oPyt,https://x.com/sanrio_fan_jp/status/2079902229591626108,3905,20,1512,10,13,0,0,1,7,791,693,0,0
64,2090673957963968699,"Fri, Aug 21, 2026","「ぽっきょくてんPOP-UP STORE×むにゅぐるみパティオ」開催決定！♨️ むにゅぐるみや蓄光マスコット、銭湯風アクキーなど限定グッズが盛りだくさん✨税込3,300円以上でノベルティカードもプレゼント！ 📍東京駅一番街 G階段下ワゴン 🗓️8/28(金)〜9/10(木) #ぽっきょくてん #むにゅぐるみパティオ https://t.co/IqwLU5DGFe",https://x.com/sanrio_fan_jp/status/2090673957963968699,5549,47,341,2,1,1,1,7,5,9,3,4,0
65,2099999351276020105,"Tue, Sep 15, 2026",🌟✨🥤【 🎀 本日9/16発売！持ち手付きステンレスタンブラー 🎀 】✨🌟 サンリオから見た目も機能性も満点の「持ち手付きステンレスタンブラー」が本日9月16日(水)より発売開始！🎉✨ https://t.co/NPKwpekOdA,https://x.com/sanrio_fan_jp/status/2099999351276020105,12149,36,443,8,1,0,0,3,4,130,13,0,0
66,2100018003983339643,"Wed, Sep 16, 2026",🌟✨👂【 🎀 本日9/16発売！フロッキーピアス 🎀 】✨🌟 見た目も触り心地も癒やされる「フロッキーピアス」が本日9月16日(水)より発売スタート！🎉✨ https://t.co/7qLhm1pvFS,https://x.com/sanrio_fan_jp/status/2100018003983339643,18210,238,2407,44,13,1,1,36,49,102,97,4,0
67,2089507412378345893,"Tue, Aug 18, 2026",＼ポムポムプリン 30th ANNIVERSARY✨／ 限定デザイン「ポムポムヒーロー」の豪華マスコット付きムック本が登場！ ヒーローになりきった姿が可愛すぎる限定アイテムです🦸‍♂️💛 【セット内容】 ・フロッキーマスコット 4点 （プリン／ベーグル／スコーン／マフィン） ・ポストカード 3枚 ・シール 1枚 https://t.co/cKl0hfYqO2,https://x.com/sanrio_fan_jp/status/2089507412378345893,63389,947,7510,199,83,2,0,152,74,666,587,19,0
68,2099267149386973401,"Sun, Sep 13, 2026",【海外グッズ情報】 中国の雑貨ブランド「VANWALK」より、サンリオキャラクター「マイメロディ」とのコラボバニティポーチが新登場予告🍓 いちごモチーフを取り入れたガーリーなデザインの「苺果花園」シリーズです。 ────────────── 🎀 ラインナップ・仕様 https://t.co/23syNMIX1E,https://x.com/sanrio_fan_jp/status/2099267149386973401,106599,2600,8179,414,8,9,0,286,234,164,2,41,0
69,2090670254515228921,"Fri, Aug 21, 2026",ハズレなしのHappyくじより、新作『Sanrio characters PUNKS Party 〜Halloween 2026〜』の発売が決定！🎸⚡️ 今回のテーマは、黒を基調としたキュートな「パンクロック」！ https://t.co/h00dCsmxf6,https://x.com/sanrio_fan_jp/status/2090670254515228921,80407,1038,13407,275,83,1,1,183,86,531,7,63,0
70,2071474263392125065,"Mon, Jun 29, 2026",楽天リンクはこちら💁‍♀️🔗#pr https://t.co/QN8632vij4,https://x.com/sanrio_fan_jp/status/2071474263392125065,1612,1,116,1,0,0,0,0,1,55,51,8,0
71,2071040513948750128,"Sun, Jun 28, 2026",【海外人気情報】実用性もバツグン！ 海外サンリオ「yummybox お弁当箱付きぬいぐるみマスコット」が可愛すぎる 🍱✨ 美味しそうなフードテーマのぬいぐるみと、キャラデザインのお弁当箱がセットになったブラインドボックスです。 👇商品詳細 ・ぬいぐるみサイズ：約12cm https://t.co/ejwBogvuYl,https://x.com/sanrio_fan_jp/status/2071040513948750128,27637,256,4631,45,8,0,1,42,35,111,1,1,0
72,2085235233692270735,"Thu, Aug 6, 2026",＼ポムポムプリン再販情報🍮／ ポムポムプリン30周年記念『マスコットコレクション』が楽天などで8月再販スタート！ プリンアラモード風やカラフルなプリンなど✨ 大人気で買い逃していた方は要チェックです！ 楽天でチェックする🛒 https://t.co/eDdhrZO3jC #ポムポムプリン #サンリオ #pr https://t.co/saxZ265e2p,https://x.com/sanrio_fan_jp/status/2085235233692270735,131128,2946,11183,428,96,7,2,408,164,1970,1950,67,0
73,2072067532606066920,"Tue, Jun 30, 2026",＼あの頃のガラケー世代、全員集まって…！😭✨／ バンダイから出てるサンリオの「ずっと×2なかよしケータイ」が想像以上にエモくて可愛い。 https://t.co/Zc24Oee3vX,https://x.com/sanrio_fan_jp/status/2072067532606066920,8097,73,968,12,2,0,1,10,8,13,0,0,0
74,2071823554707104171,"Tue, Jun 30, 2026",＼Heather 25周年記念コラボ🎉／ ヘザーから、サンリオキャラクターズとのスペシャルな限定アイテムが登場アイテムローズ 今回は「シュガーバニーズ」「チャーミーキティ」「マロンクリーム」という、懐かしくも大人気な3キャラをピックアップ♡ https://t.co/Yh0gEIWgd4,https://x.com/sanrio_fan_jp/status/2071823554707104171,37369,598,5517,142,9,4,1,54,142,208,0,66,0
75,2090670425579892968,"Fri, Aug 21, 2026",詳細はこちら💁‍♀️ https://t.co/KJqvuGda59,https://x.com/sanrio_fan_jp/status/2090670425579892968,2696,9,486,8,2,0,0,1,4,248,224,0,0
76,2074992002320781537,"Wed, Jul 8, 2026",＼ 📢 香港サンリオ夏イベント情報 📢 ／ 日焼けしたキャラクターたちがとってもキュート！ 「Sanrio characters x YOHO 小麥肌旅行團」が開催 🌴🌻 香港初となる日焼けバージョンのクロミ、マイメロディ、マイスウィートピアノがお出迎えしてくれます ✨ 🗓 開催期間：7月11日 〜 8月30日 📍 https://t.co/WjkyWyXYsk,https://x.com/sanrio_fan_jp/status/2074992002320781537,19344,186,2696,36,18,3,0,31,34,82,0,4,0
77,2099994119590601040,"Tue, Sep 15, 2026",🌟✨🛍️【 🎀 本日9/16発売！選べるミニチュアチャーム 🎀 】✨🌟 サンリオより「ミニチュアパッケージチャームシリーズ」が本日9月16日(水)から販売スタート！🎉✨ 本物のおもちゃのパッケージみたいなブリスターの中に、立体マスコットと小物パーツが入っていて可愛さ爆発中🥺💖 https://t.co/oKHvrBKne4,https://x.com/sanrio_fan_jp/status/2099994119590601040,20608,80,1032,16,3,0,0,10,28,123,111,12,0
78,2097812905857265837,"Wed, Sep 9, 2026",🥰 cute かわいい写真追加 https://t.co/QlnXPS8QKj,https://x.com/sanrio_fan_jp/status/2097812905857265837,6623,21,131,2,1,0,0,3,2,7,0,0,0
79,2099264125901922475,"Sun, Sep 13, 2026",【新商品情報】JO1×サンリオ「JOCHUM（ジェオチャム）」の新作グッズが株式会社エンスカイより登場✨ 振るとビーズがシャカシャカ鳴るヘアゴムや、リボンの裏面まで可愛いキーホルダーなど、推し活やデイリー使いにぴったりなパステルカラーのアイテムがラインナップ！ ────────────── https://t.co/futRx9flgo,https://x.com/sanrio_fan_jp/status/2099264125901922475,4899,91,340,5,1,0,0,24,8,4,5,1,0
80,2073213103664435376,"Sat, Jul 4, 2026",＼海外サンリオ最新情報／ 2026年7月24日より開催の「香港動漫電玩節（ACGHK2026）」にて、Sanrio Gift Gateの超豪華な香港限定マスコットたちが登場します！ 【注目ラインナップ】 ①長腿百變造型系列（全18種） https://t.co/h1yUvlpVfg,https://x.com/sanrio_fan_jp/status/2073213103664435376,100054,300,8292,83,24,4,0,75,83,276,3,12,0
81,2077985556907303272,"Fri, Jul 17, 2026",＼あの激カワ夏マスコットが待望の再販決定！☀️🌴／ サンリオキャラクターズ × AS KNOW AS plusの「バケーションシリーズ」ボールチェーンマスコットが帰ってきます！ 【販売スケジュール】 📅 7/18(土)〜：AS KNOW AS plus取扱店舗（※明日から！） 📅 7/20(月) 10:00〜：Rakuten https://t.co/y4plVYBabG,https://x.com/sanrio_fan_jp/status/2077985556907303272,17763,227,1975,51,8,0,0,42,29,56,3,9,0
82,2077262845180539352,"Wed, Jul 15, 2026",詳細はこちら💁‍♀️ https://t.co/6zRyxJV9LL,https://x.com/sanrio_fan_jp/status/2077262845180539352,1374,5,72,0,0,0,0,1,0,36,30,0,0
83,2085254724698447907,"Thu, Aug 6, 2026",しまむら×サンリオ新作情報🎀 大人気のヒョウ柄・ゼブラ柄シリーズに新作が登場！ ハローキティやクロミのTシャツ、マスコット、バッグ、インテリアなど豪華ラインナップ✨ 発売日：8/11(火)〜全国のしまむら店舗 同日15:00〜オンラインストアでも発売！ #しまむら #サンリオ https://t.co/UQBNKXqy6j,https://x.com/sanrio_fan_jp/status/2085254724698447907,10403,111,1282,10,5,8,0,10,28,124,4,4,0
84,2079386637113684272,"Tue, Jul 21, 2026",＼【韓国限定】CUコンビニからハローキティ＆クロミの立体フローズンソルベが新登場！🇰🇷✨／ 韓国の大手コンビニチェーン「CU」から、サンリオファン大注目の新作アイス「FROZEN SORBET（ソルベ）」が発売されました！ https://t.co/zTR6B0A5UV,https://x.com/sanrio_fan_jp/status/2079386637113684272,8140,34,367,9,4,0,0,11,10,10,0,4,0
85,2069965294890852399,"Thu, Jun 25, 2026",https://t.co/ZXdUikdVcI,https://x.com/sanrio_fan_jp/status/2069965294890852399,3013,63,759,11,14,0,0,5,5,11,3,0,0
86,2097455683612594253,"Tue, Sep 8, 2026",＼📢大人気ドリームトミカが再販予約中／ 大人気で売り切れていた『ドリームトミカ サンリオキャラクターズコレクション4』がAmazonなどで予約受付再開中！ 発売予定日：2026年10月24日 🚙ラインナップ（全6種類） ・けろけろけろっぴ ・タキシードサム ・ハンギョドン ・バッドばつ丸 https://t.co/NYGPTuj38j,https://x.com/sanrio_fan_jp/status/2097455683612594253,46805,714,4042,111,105,3,0,75,32,501,441,24,0
87,2092834870347386971,"Thu, Aug 27, 2026",＼セブン-イレブン限定コラボ情報／ 「にっこりーノ×サンリオキャラクターズ」のコラボ商品が全国のセブン-イレブンにて8月28日(金)より順次発売決定☆ 何が出るかは開けてからのお楽しみなBOX仕様！BOXの中にはオリジナルキャラクターシールが1枚入っています♡ 【ラインナップ】 1️⃣ https://t.co/IcR59JnWqX,https://x.com/sanrio_fan_jp/status/2092834870347386971,24351,207,1240,41,21,1,1,29,25,56,15,41,0
88,2084206103622242549,"Mon, Aug 3, 2026",【海外グッズ情報】 🇰🇷韓国のPC周辺機器ブランド「ROYCHE（ロイチェ）」より、サンリオキャラクターズの新作「レジンキーキャップ」の発売が決定しました！✨ https://t.co/pzZgO5si0F,https://x.com/sanrio_fan_jp/status/2084206103622242549,9508,95,716,32,0,0,0,15,7,21,2,2,0
89,2087409964029722922,"Wed, Aug 12, 2026",詳細はこちら💁‍♀️ https://t.co/wabkpJuxNc,https://x.com/sanrio_fan_jp/status/2087409964029722922,1449,2,139,3,0,0,0,0,2,76,59,0,0
90,2070371019081253141,"Fri, Jun 26, 2026",https://t.co/RZm13T7d8P,https://x.com/sanrio_fan_jp/status/2070371019081253141,1041,5,202,1,2,0,0,3,1,10,0,0,0
91,2072979754337325510,"Fri, Jul 3, 2026",Honda × KUROMIの最強コラボ！🖤🏍️ 待望のレーシンググッズが数量限定で発売決定しました✨ https://t.co/prDld01Szp,https://x.com/sanrio_fan_jp/status/2072979754337325510,16443,236,2911,35,8,1,0,26,70,50,1,17,0
92,2090674070895661246,"Fri, Aug 21, 2026",詳細はこちら💁‍♀️ https://t.co/jN4by6XXXc,https://x.com/sanrio_fan_jp/status/2090674070895661246,1785,2,33,0,0,0,0,0,2,10,19,0,0
93,2075396035925713002,"Fri, Jul 10, 2026",ポチ(ナゲット派です。) https://t.co/CIvxFuY7P5,https://x.com/sanrio_fan_jp/status/2075396035925713002,1382,0,21,0,0,0,0,0,1,0,0,0,0
94,2093496876469485928,"Sat, Aug 29, 2026",8/29(土)〜10/16(金)開催のロフト『文フェス』にて「サンリオキャラクターズ」デザインの「シートのペリッテ」先行販売が決定！ 罫線から覗くダイカット風のAタイプと、全柄金箔押しのマスキングテープ風Bタイプが登場。全国のロフト店舗・ネットで販売！ #ロフト #文フェス #サンリオ https://t.co/ZD8NweS49J,https://x.com/sanrio_fan_jp/status/2093496876469485928,93815,983,18427,278,40,30,0,136,144,547,22,181,0
95,2090208922993066221,"Wed, Aug 19, 2026",【新商品】あの頃のポムポムプリンデザインシリーズ🍮✨ ポムポムプリン30周年を記念し、1996年当時のボアやデザインを再現したレトロ可愛い全16アイテムが登場！ 📌注目ポイント ・当時の質感を再現したぬいぐるみ＆マスコット ・「ちびっとも」等の限定キーホルダー https://t.co/UeNEIONYUq,https://x.com/sanrio_fan_jp/status/2090208922993066221,85496,1059,12840,254,56,3,0,115,89,1620,1147,60,0
96,2099773763353284765,"Tue, Sep 15, 2026",【本日入荷】 《Sanrio Characters×BABYDOLL》新作コラボ！★ 人気のグラフィティアートとアニマルスタイルが融合したストリート感たっぷりのサンリオアイテムが店舗に入荷しました✨ ────────────── 📍 商品ラインナップ ────────────── https://t.co/ydj8TWuKNu,https://x.com/sanrio_fan_jp/status/2099773763353284765,7076,80,633,10,3,0,0,6,11,44,48,3,0
97,2085503014891323761,"Thu, Aug 6, 2026",【新商品情報】学研ステイフルから「くらはしれい×サンリオキャラクターズ」コラボアイテムが登場✨ やさしくノスタルジックなくらはしれいさんの世界観で描かれた、レトロで愛らしいサンリオキャラクターたちのステーショナリー＆雑貨コレクション🎀 🛍️ 主なラインナップ（一部） https://t.co/7vZRdipKcA,https://x.com/sanrio_fan_jp/status/2085503014891323761,58544,586,11319,170,13,2,0,58,44,607,378,29,0
98,2085848360884511125,"Fri, Aug 7, 2026",【海外グッズ情報】TOP TOY×サンリオ公式コラボ「カラフルパンダ」ブラインドボックスフィギュア！🐼✨ 人気キャラクターたちが柔らかいパステルカラーのパンダに変身！ボディ全体に繊細なフロッキー（植絨）加工が施され、フィギュアなのにふわふわで心地よい手触りを実現しています💖 https://t.co/KP3b2hl634,https://x.com/sanrio_fan_jp/status/2085848360884511125,19815,273,1896,43,27,1,0,24,23,106,91,4,0
99,2087853732268487018,"Thu, Aug 13, 2026",【海外サンリオ商品】 中国ブランド「百星瑞」× KIRIMIちゃん. のぬいぐるみブラインドボックス全4シリーズ🐟 🍱 お弁当マスコット（満分便当） 🥫 缶詰風ポーチチャーム（惊喜罐头包） 🥞 グルメマスコットキーホルダー（美味“食”光） 👜 おでかけ斜めがけポシェット（出游斜挎包） https://t.co/ofWn1oVEWJ,https://x.com/sanrio_fan_jp/status/2087853732268487018,4451,30,379,9,1,0,0,15,15,33,0,5,0
100,2087736883937943969,"Thu, Aug 13, 2026",詳細はこちら💁‍♀️ https://t.co/6EZ4eG5EdF,https://x.com/sanrio_fan_jp/status/2087736883937943969,1977,3,192,2,0,0,0,1,2,97,89,0,0
101,2094994710314222059,"Wed, Sep 2, 2026",【イベント情報】 ららぽーと横浜にて「プリンフェス in ららぽーと横浜」が開催🍮✨ 全国から選りすぐりのプリン屋さん7店舗が出店するほか、今年30周年を迎えたポムポムプリンとのスペシャルコラボイベントも目白押しです！ 【開催概要】 🍮日程：2026年9月19日(土)～9月23日(水・祝) https://t.co/3dK5IRIrP1,https://x.com/sanrio_fan_jp/status/2094994710314222059,51815,615,5000,208,88,2,0,112,98,978,957,68,0
102,2080827283171082466,"Sat, Jul 25, 2026",📢【イベント情報】宮島水族館のグランドオープン15周年を記念して、サンリオの男のコユニット「はぴだんぶい」との夢のコラボ『はっぴーDAYS！』が開催決定！✨ スタンプラリーやオリジナルグッズの販売など、夏休みの思い出作りにぴったりなコンテンツが盛りだくさんです。 🗓️ https://t.co/3Y2raimhYt,https://x.com/sanrio_fan_jp/status/2080827283171082466,116950,1732,18417,270,158,1,1,291,391,436,7,646,0
103,2074250166987899003,"Mon, Jul 6, 2026",Amazonリンクはこちら💁‍♀️#pr こちらプライム先行セール中です。 https://t.co/PbpE46RWLC 楽天リンクはこちら💁‍♀️ https://t.co/SdiK9EcRcO,https://x.com/sanrio_fan_jp/status/2074250166987899003,1131,1,19,0,0,0,0,0,0,8,10,0,0
104,2088103220300443827,"Fri, Aug 14, 2026",【本日8/14(金)スタート】 キディランドでサンリオの新企画＆先行販売が盛りだくさん🎉 🍉しろたん×サンリオ わくわくフルーツフェア（13店舗） 🌻コロコロクリリン 新シリーズ先行（23店舗） 🍒ウサハナ スタイルアップコレクション（23店舗） 今日から開催です！要チェック🛒✨ #サンリオ https://t.co/UPSkpccsEA,https://x.com/sanrio_fan_jp/status/2088103220300443827,14174,174,804,27,4,1,0,19,41,46,0,24,0
105,2087532812970959286,"Wed, Aug 12, 2026",【海外サンリオニュース】 MarTUBEからハローキティの新作「ラッキーベル キャンドルウォーマーランプ」が登場！🔔ピンクのリボンとベル型シェードが可愛すぎるデザイン♪ 火を使わずにアロマキャンドルの香りを楽しめる、インテリアにもぴったりのギフトボックス✨ #サンリオ #ハローキティ https://t.co/iXFwzb5bGW,https://x.com/sanrio_fan_jp/status/2087532812970959286,7691,81,238,16,1,0,0,9,11,11,0,1,0
106,2101268926659457468,"Sat, Sep 19, 2026",🌸【 サンリオ パステルラバーチャーム 発売中 】🌸 やさしいパステルカラーが可愛すぎるラバーチャームが登場✨ バッグやポーチの引き手、キーケースのワンポイントにぴったり！ シナモロール、マイメロディ、クロミなど種類も豊富におめかし中🎀 推し活のアクセントにも👇 楽天でチェックする🛒 https://t.co/eBS9MupbxT,https://x.com/sanrio_fan_jp/status/2101268926659457468,5297,95,196,4,0,1,0,13,3,27,14,0,0
107,2099624728474607874,"Mon, Sep 14, 2026",暗いところでふわっと光るサンリオの蓄光マスコットループホルダーが可愛すぎる…！✨ カチューシャやタオルを挟んで持ち運べるから、テーマパークやライブイベントで大活躍間違いなし◎ スニーカーのシューレースに付けるアクセ使いもおすすめです👟 https://t.co/0mUFqawq4d,https://x.com/sanrio_fan_jp/status/2099624728474607874,4301,20,155,4,1,0,0,2,3,11,10,0,0
108,2080947869394321813,"Sat, Jul 25, 2026",📢【イベント&amp;新商品情報】 油性マーカー「ハイマッキー」の発売50周年を記念したPOP UPイベントが東京・渋谷で開催決定！🎉 ゼブラ公式キャラクター「Hi! Mckee（ハイマッキー）」と「サンリオキャラクターズ」による夢の初コラボグッズが発売されます✨ 「Hi! Mckee https://t.co/CW8XVruw1r,https://x.com/sanrio_fan_jp/status/2080947869394321813,36406,388,4013,121,25,6,0,87,55,102,9,31,0
109,2071439442179756090,"Mon, Jun 29, 2026",＼あの人気ガチャがの再販！💖／ 2026年7月に、サンリオの2アイテムがカプセル自販機に再び登場します✨ 🛍️マイメロディ エコバッグ（全4種/400円） 📱シナモロール ぬいぐるみポシェット（全4種/500円） 前回手に入れられなかった方は、この機会にぜひチェックを！ #サンリオ #マイメロ https://t.co/V6FjUFvulG,https://x.com/sanrio_fan_jp/status/2071439442179756090,74032,1127,8831,174,37,1,3,139,114,143,7,14,0
110,2069753157606137990,"Wed, Jun 24, 2026",【6/30(火)発売】サンリオハウスから大人気カプセルトイの新作がW登場決定！🎉 ドット絵風のレトロ可愛い「ラバーヘアクリップ（全5種）」に加え、大好評エコバッグシリーズの第2弾「ミニエコバッグ vol.2（全8種）」が一挙にラインナップ。 同日からルクア大阪のイベント【CAPSULE TOY https://t.co/AyXdR1PqAP,https://x.com/sanrio_fan_jp/status/2069753157606137990,45985,297,6791,61,24,2,0,28,305,166,6,62,0
111,2070966595401515257,"Sat, Jun 27, 2026",＼ ポムポムプリン30周年記念 👑 超BIGサイズで再登場！ ／ プレミアムバンダイにて「すべて受け入れるポムポムプリン 〜30周年記念ver.〜」の予約がスタート！ 全長約105cm、重さ約9kgの圧倒的ボリュームです🍮✨ 今だけ特別な王冠とマントの着せ替えセット付き💖 #ポムポムプリン #サンリオ https://t.co/NhUs84QEqJ,https://x.com/sanrio_fan_jp/status/2070966595401515257,33648,471,4580,66,21,1,1,54,48,210,1,21,0
112,2072910497289261121,"Fri, Jul 3, 2026",「海外グッズ情報」 歩くたびに「チリン…🔔」って優しい音が聴こえてくるの、想像するだけで癒やされませんか？ https://t.co/j7kx4s8EJT,https://x.com/sanrio_fan_jp/status/2072910497289261121,51288,354,11140,71,7,2,0,32,39,81,0,1,0
113,2099004569938440236,"Sun, Sep 13, 2026",【コラボ商品】HELLO KITTY × grove 🎀 大きなリボンで目隠ししたキティちゃんがキュートなミニチャームポーチ✨ 大きなリボンで目元を隠したチャーミングなデザインがインパクト抜群✨ バッグのアクセントとして取り付けるだけで、いつものバッグがパッと華やかになります。 https://t.co/xM7i1kPIKc,https://x.com/sanrio_fan_jp/status/2099004569938440236,14744,182,965,28,6,0,0,21,24,90,92,8,0
114,2083042868630097994,"Fri, Jul 31, 2026",ファミリーマートで8/20(木)朝10時から「サンリオキャラクターズ スライドミラーキーホルダー」が順次発売！✨ ステンドグラスクッキーみたいな透け感がたまらなく可愛いアクリルミラーです🩵 A・Bの2グループ（ランダム）で各990円(税込)。 推しをバッグに忍ばせて🪞 #サンリオ #ファミマ https://t.co/b86s2cjTBT,https://x.com/sanrio_fan_jp/status/2083042868630097994,49234,280,4939,70,44,6,0,54,57,310,2,8,0
115,2069779610104123670,"Wed, Jun 24, 2026",＼海外サンリオグッズ情報／ 中国のTAPIOCA（塔皮奥卡）から、サンリオキャラクターズの新作ぬいぐるみシリーズが登場予定✨ 🧁紙杯蛋糕（カップケーキ） 🍦掌心冰淇淋（アイスクリーム） 🐻掌心动物园（動物着ぐるみ） 💖金属挂件（メタルチャーム） どれが一番好み？🥺 #サンリオ #海外限定？ https://t.co/1I4olK9pm6,https://x.com/sanrio_fan_jp/status/2069779610104123670,92730,1193,14058,237,58,8,0,233,225,418,2,10,0
116,2069613761884041276,"Wed, Jun 24, 2026",韓国のハンドソープ「キレイキレイ」とハローキティのコラボセットが可愛すぎる…！😭❤️ レトロなドット柄のボトルに、なんと超豪華なキティちゃんの保冷バッグまで付いてくる豪華仕様。7月2日から現地のEマートで発売開始だそうです。これは代行使ってでもセットで揃えたいレベル…！ #ハローキティ https://t.co/KmEDJASKuo,https://x.com/sanrio_fan_jp/status/2069613761884041276,29958,338,4356,64,10,1,1,27,25,51,3,9,0
117,2081148822122881336,"Sat, Jul 25, 2026",「海外アパレル情報」 ハローキティ×bebeplumのコラボコレクションが登場🎀 大人の「可愛い」を刺激する、リボンが主役のデザイン。 ニット帽やビッグクッションなど、日常を彩るアイテムがラインナップされています。 #ハローキティ #bebeplum #サンリオ https://t.co/RU8fTKmiIy,https://x.com/sanrio_fan_jp/status/2081148822122881336,15160,138,1458,35,3,0,0,18,38,37,1,41,0
118,2099446476187541639,"Mon, Sep 14, 2026",ベネリックカプセルトイからサンリオの新商品が2026年9月登場🌸 ・スクールクッションミニキーホルダー（全5種） ・ミニおしぼりケースチャーム（全4種/ミニ布付き） 小学生の頃に使っていたあの懐かしいアイテムが手のひらサイズに！ 各400円（税込） #サンリオ #ガチャガチャ #ベネカプ https://t.co/i5E1gXgewf,https://x.com/sanrio_fan_jp/status/2099446476187541639,28406,167,5064,45,9,1,0,14,33,86,4,3,0
119,2073188500560884218,"Fri, Jul 3, 2026",詳細はこちら💁‍♀️ https://t.co/cQDiJb0Zf2,https://x.com/sanrio_fan_jp/status/2073188500560884218,1421,1,179,0,0,1,0,0,0,89,88,0,0
120,2075530375137518049,"Fri, Jul 10, 2026",去年発売されたクロミverも要チェックしてね💕 https://t.co/ZxbgsFFTAO,https://x.com/sanrio_fan_jp/status/2075530375137518049,40525,493,2569,73,33,0,2,71,83,92,0,0,0
121,2099990004772835506,"Tue, Sep 15, 2026",🌟✨🎀【 🎀 本日9/16発売！神ビジュ大集結 🎀 】✨🌟 サンリオの新ユニット「チアリステイルズ（Cheeristails）」のグッズが、いよいよ本日9月16日(水)より発売開始！🎉✨ https://t.co/ORrilg8y8d,https://x.com/sanrio_fan_jp/status/2099990004772835506,39097,439,4805,54,6,0,0,76,52,224,167,13,0
122,2090345316419879022,"Thu, Aug 20, 2026",【サンリオ新商品情報】サンリオキャラクターズから、やさしいグラデーションが可愛すぎる「レインボーシリーズ」が登場予定🌈✨ ふんわりとした肌触りの生地を使用した新作アイテムが全7種ラインナップ！グラデーションの色合いがひとつひとつ異なるので、自分だけの特別なアイテムが見つかります♡ https://t.co/DnLgNneHYt,https://x.com/sanrio_fan_jp/status/2090345316419879022,25269,144,4388,34,3,1,0,21,56,49,30,1,0
123,2090605780894662935,"Fri, Aug 21, 2026",【海外イベント・グッズ情報】 韓国サンリオ公式アカウントから、新プロジェクト「Sanrio Q」の予告画像が公開されました！✨ 記念すべき第1弾クエスト（첫 번째 Quest）は… 「ポムポムプリンのわあーんマンドゥ（폼폼푸린의 와-앙 만두）」🥟 https://t.co/R05ZYSuHpE,https://x.com/sanrio_fan_jp/status/2090605780894662935,480797,924,5194,228,40,17,0,356,301,1053,4,206,0
124,2070327700951281973,"Fri, Jun 26, 2026",【海外トイ情報📢】 Jazwaresの公式オンラインショップで、ハローキティのプレミアムな可動式フィギュア「Ultra-Premier 8-Inch Articulated Figure」が発売中！ 世界1500体限定の特別なコレクターエディションです✨ 🔮 注目ポイント ・存在感抜群の8インチ（約20cm）サイズ https://t.co/E6sZtCQfMd,https://x.com/sanrio_fan_jp/status/2070327700951281973,2259,10,43,1,0,1,0,1,1,3,0,0,0
125,2069910186475802647,"Wed, Jun 24, 2026",可愛い💕すぎる https://t.co/F8ITcXKn4S,https://x.com/sanrio_fan_jp/status/2069910186475802647,1227,6,57,0,0,0,0,1,0,1,0,0,0
126,2077282346957730217,"Wed, Jul 15, 2026",詳細はこちら💁‍♀️ https://t.co/UqeVZQLoKq,https://x.com/sanrio_fan_jp/status/2077282346957730217,1931,3,276,3,1,0,0,0,0,134,139,0,0
127,2081720772805157148,"Mon, Jul 27, 2026",か。。。か。。かわいい https://t.co/RDKaPsppyW,https://x.com/sanrio_fan_jp/status/2081720772805157148,16190,526,925,21,16,1,0,53,66,19,3,0,0
128,2097323171989065773,"Tue, Sep 8, 2026",【海外グッズ情報】 台湾の人気コスメブランド「FreshO2」から、サンリオキャラクターとのコラボコスメ第2弾が登場しました！ 愛らしい「ハンギョドン」と、ちょっとクールな「バッドばつ丸」 🐟ハンギョドン シリーズ ・超補水護唇小方糖（高保湿リップバーム） https://t.co/vYE2Taln1O,https://x.com/sanrio_fan_jp/status/2097323171989065773,31148,709,4306,130,32,0,0,92,53,93,5,58,0
129,2075724338972836050,"Fri, Jul 10, 2026",気になる方はこちら💁‍♀️#pr https://t.co/g2TI8A1m01,https://x.com/sanrio_fan_jp/status/2075724338972836050,1501,0,17,0,0,0,0,0,1,9,7,0,0
130,2072218998863995240,"Wed, Jul 1, 2026",海外グッズ情報✈️ 韓国・蚕室の「マイメロディ ハモ二カフェ」限定の新作オリジナルグッズが可愛すぎる！ ボア素材がモコモコで愛らしい「ミニウォレットポーチ（マイメロディ・クロミの全2種）」。 小銭やカード、お札がしっかり入る優秀なコンパクト仕様で、バッグに付けられるカラビナ付き。 https://t.co/P515gTNdNh,https://x.com/sanrio_fan_jp/status/2072218998863995240,7043,97,657,23,1,0,0,14,8,22,0,0,0
131,2075720031380640001,"Fri, Jul 10, 2026",一昨年発売されたこちらピンク🩷モデルもチェックしてね💕 https://t.co/xpghl8TIh0,https://x.com/sanrio_fan_jp/status/2075720031380640001,17422,124,1205,21,6,0,0,10,29,42,0,0,0
132,2078261832318341416,"Fri, Jul 17, 2026",＼アベイル限定！ウサハナのベビーアートシリーズ新登場🍼🎀／ パステルカラーと赤ちゃんのようなデフォルメがたまらない、ファン垂涎の「ベビーアート」仕様です。 ポーチやスパバッグやルームシューズなど実用的なデイリーアイテムから、バッグにつけてお出かけしたくなるマスコットまで大充実！ https://t.co/014vbJ4wf2,https://x.com/sanrio_fan_jp/status/2078261832318341416,93604,1037,14055,235,81,2,0,161,368,213,10,160,0
133,2093907677814603868,"Sun, Aug 30, 2026",🍮京都ポルタ開催決定🍮 ポムポムプリン30thエポスカード新デザインデビュー記念！「ポムポムプリン POP UP STORE×むにゅぐるみパティオ」が期間限定オープンします🍓いちごデザインの可愛いグッズに癒やされよう✨ 📅2026/9/9(水)～9/16(水) 📍京都ポルタ ポルタプラザ北側 詳細こちら💁‍♀️ https://t.co/J9dK2vXXnK,https://x.com/sanrio_fan_jp/status/2093907677814603868,163471,187,1800,69,31,3,0,19,62,235,608,25,0
134,2081865506429235623,"Mon, Jul 27, 2026",＼ドン・キホーテ＆アピタ限定発売！🛍️✨／ Aimy's Room×ハローキティのスペシャルコラボルームウェアシリーズが新登場💖 レースやキラキラのラメ、サイドのシャーリングなど、お部屋時間をとびきり可愛く過ごせるアパレルが勢揃いしています！ 👗注目のラインナップ（サイズ各M/L） https://t.co/jAch6uepLf,https://x.com/sanrio_fan_jp/status/2081865506429235623,8120,39,649,5,1,1,0,4,17,26,0,4,0
135,2074344326055006359,"Tue, Jul 7, 2026",詳細はこちら💁‍♀️ https://t.co/V8q7GLbrR2,https://x.com/sanrio_fan_jp/status/2074344326055006359,1465,0,35,0,0,0,0,0,0,15,20,0,0
136,2083076097269522781,"Fri, Jul 31, 2026",【サンリオ最新グッズ情報】パシオスからファン垂涎の激アツコラボが登場！ キャンディブランド「PEZ」と、サンリオの男のコユニット「はぴだんぶい」がコラボしたインテリア＆寝具アイテムが、2026年8月5日(水)より発売スタートします！✨ https://t.co/7Nn2hkkWIr,https://x.com/sanrio_fan_jp/status/2083076097269522781,41415,377,6580,107,57,1,1,50,34,116,10,20,0
137,2094653821716959338,"Tue, Sep 1, 2026",【注目のサンリオ新商品】 キャンディをくるっとひねるとお顔と体がひょっこり登場！ 触って楽しいギミック付きフィギュア「サンリオキャラクターズ きゃんでいちぇん」が登場🍬チェンジ！✨ ボールチェーン付きなので、バッグやポーチに付けていつでも一緒にお出かけできます🌼 https://t.co/sg73kGLYGp,https://x.com/sanrio_fan_jp/status/2094653821716959338,28551,119,5019,26,0,1,0,5,21,31,15,0,0
138,2092912226223210503,"Thu, Aug 27, 2026",＼100円ショップに新登場☔️／ マイメロディとクロミのケース付き携帯用レインコートが順次発売中！ シリコンバンド付きケースでバッグに可愛く付けられますチャーム フード付きでゲリラ豪雨やイベント・アウトドアの急な雨対策に最適◎ 【商品情報】価格：各200円 ・マイメロディ (JAN: https://t.co/lXp3ILRWIO,https://x.com/sanrio_fan_jp/status/2092912226223210503,40745,584,5379,151,29,1,0,60,156,138,16,28,0
139,2091370989498380690,"Sun, Aug 23, 2026","【海外イベント情報】 韓国の新しいメンズブランド「GENTii（ジェンティ）」とハローキティがコラボ！ ""Metal City: The 1st Collection""が、8月22日（土）より韓国にてグランドオープンしました🇰🇷🖤 https://t.co/anoKJivqZW",https://x.com/sanrio_fan_jp/status/2091370989498380690,7241,32,659,17,1,2,0,2,40,75,0,61,0
140,2075063832855163235,"Thu, Jul 9, 2026",サンリオショップ55周年記念シリーズが熱すぎる…！😭❤️ ショップスタッフ姿のマスコットや歴代ショップバッグ風ポーチが登場する「Mini Sanrioシリーズ」を筆頭に、2000年代リバイバルの「ギャル盛りMAX」、ギフトテーマの「ラッピングペーパーデザイン」など神企画が目白押し。 https://t.co/pY4J1IeqN3,https://x.com/sanrio_fan_jp/status/2075063832855163235,47249,366,9822,71,13,2,1,39,57,870,1,23,0
141,2081871596067922288,"Mon, Jul 27, 2026",アマゾンはこちら💁‍♀️#pr https://t.co/g7GTT7tSOw 楽天はこちら💁‍♀️ https://t.co/NyoGvjp22D,https://x.com/sanrio_fan_jp/status/2081871596067922288,1288,0,64,1,0,0,0,0,0,29,35,0,0
142,2089839023938470118,"Tue, Aug 18, 2026",🎀ハローキティ ときめきミラーチャームBOOK🎁 裏面がミラーになっている、 実用性バツグンのカワイイチャームが登場！💖 【ポイント】 ✅ チャーム裏面は便利なミラー🪞 ✅ 全10種類の豊富なデザイン✨ ✅ ラバーとフェイクレザーの2素材！ 【ラインナップ】 https://t.co/dHoEBZwthS,https://x.com/sanrio_fan_jp/status/2089839023938470118,3593,8,161,1,0,4,0,2,4,10,0,3,0
143,2093177121481056400,"Fri, Aug 28, 2026",愛知・名古屋2026アジア競技大会とサンリオキャラクターズのスペシャルコラボグッズが登場します✨ スポーツ姿や応援旗を持ったハローキティ、マイメロディ、クロミ、シナモロール、ポムポムプリンの限定イラストがとっても可愛いです！ https://t.co/haxkuOiDXG,https://x.com/sanrio_fan_jp/status/2093177121481056400,9312,149,619,13,7,2,0,28,21,128,157,13,0
144,2071354022091735066,"Sun, Jun 28, 2026",【2026年サンリオキャラクター大賞】韓国の最終順位がめちゃくちゃ興味深い…！ 海外（韓国）のトップ10結果が発表されましたが、日本国内のランキングとは異なる独自の盛り上がりを見せています。 🌟注目ポイント ・ポムポムプリンが堂々の1位を獲得！ ・3位にハンギョドンがランクインする大健闘！ https://t.co/8ec0VScIGL,https://x.com/sanrio_fan_jp/status/2071354022091735066,144104,959,20640,102,52,1,0,212,309,338,8,150,0
145,2074993836913492420,"Wed, Jul 8, 2026",＼ 📢 海外サンリオ新作情報 📢 ／ Pottery Barn Kidsから、サンリオキャラクターズとの新作コラボコレクションがリリース ✨ ぬいぐるみのような立体的なデザインと、名前の刺繍を入れてカスタムできるのが特徴です 🎒🧵 🛒 注目ラインナップ 1. クリッター マッケンジー https://t.co/znJt08Mwz6,https://x.com/sanrio_fan_jp/status/2074993836913492420,16432,70,2087,11,0,0,0,10,7,19,0,4,0
146,2069893939826667644,"Wed, Jun 24, 2026","既存の「きゃらねいるぱーつ」、キャラもAmazonで販売中💕 ・ハローキティ：1,380円（残り5点） ・ポチャッコ：1,000円（オトク！残り3点） ・シナモロール：1,575円（在庫あり・） 両面シール付きだから届いてすぐ使えるのが嬉しい💅✨ 完売する前に急げ〜！ 👇商品ページはこちら https://t.co/OTEPsuN2DZ",https://x.com/sanrio_fan_jp/status/2069893939826667644,1501,5,185,3,1,0,0,0,1,5,8,0,0
147,2072975812337496318,"Fri, Jul 3, 2026",https://t.co/iQfbAwVhsf,https://x.com/sanrio_fan_jp/status/2072975812337496318,1544,2,128,1,0,0,0,0,1,2,1,0,0
148,2072573555062309179,"Thu, Jul 2, 2026",海外グッズ情報✈️UFOに乗ったサンリオキャラたちが地球に襲来…⁉🛸💫 中国のHOLLY BOXから、底部がピカッと光る「UFOシリーズ発光キーホルダー」が登場。 ハローキティやシナモロール、クロミたちがパステルカラーの宇宙船に乗っている姿がSFチックでたまりません。 https://t.co/GXf7WnIDM3,https://x.com/sanrio_fan_jp/status/2072573555062309179,44734,625,6434,95,25,1,0,67,48,55,5,13,0
149,2075429563946221620,"Fri, Jul 10, 2026",＼Razer × シナモロール コラボ／ ゲーミングブランド「Razer」のサンリオコラボ最終章として、シナモロールのエディションが登場☁️✨ トレードマークの大きな耳が付いたワイヤレスヘッドセット「Kraken Kitty V2 https://t.co/rfZTVZcdd8,https://x.com/sanrio_fan_jp/status/2075429563946221620,678120,8420,64723,1845,902,27,36,1662,777,2961,22,156,0
150,2089221235075162605,"Mon, Aug 17, 2026",【プライズ】セガプライズから約60cmの大きなもちもちクッション“ぐらもっち”シリーズが登場！ 「サンリオキャラクターズ プレミアムもちもちクッション “ぐらもっち”」 ラインナップ（全4種）： ・ハローキティ ・ウサハナ ・クロミ ・シナモロール https://t.co/bmIQ0Zfx96,https://x.com/sanrio_fan_jp/status/2089221235075162605,6481,47,239,5,3,0,0,3,11,20,1,0,0
151,2075066391104000439,"Thu, Jul 9, 2026",マッシュグループの夏の祭典「MASH SUMMER WEEK 2026」がサンリオとコラボ決定！🩵🎀 今年はサンリオキャラクターズがナビゲート役。 ジェラピケオムのハンギョドンをはじめ、MASH STORE限定のキャミやトートなど、ここでしか手に入らない夏仕様の限定アイテムが可愛すぎます……。 https://t.co/ruCtBNrxIT,https://x.com/sanrio_fan_jp/status/2075066391104000439,22598,130,3592,22,8,0,0,14,55,46,3,43,0
152,2069653257706950918,"Wed, Jun 24, 2026",詳細はこちら💁‍♀️ https://t.co/2k5rm56czE,https://x.com/sanrio_fan_jp/status/2069653257706950918,1146,2,15,0,0,0,0,0,0,7,6,0,0
153,2100710406985801735,"Thu, Sep 17, 2026",🇵🇪🚃【 ペルーにキティちゃんの列車が登場！ 】🚃🇵🇪 ペルー・リマのメトロ（Linea 1）にて『Tren de la Amistad（友情の列車）』が運行中✨ 外装はもちろん、車内も天井から壁までサンリオキャラでいっぱい！キティちゃんも遊びに来てくれました巡行💕 #HelloKitty #Sanrio #ハローキティ https://t.co/q24FcP1nmF,https://x.com/sanrio_fan_jp/status/2100710406985801735,7548,121,592,15,6,0,0,15,13,18,1,0,0
154,2098019713054015819,"Thu, Sep 10, 2026",＼2026年9月登場！サンリオ新商品まとめ🎉／ ベネリックカプセルトイから、可愛すぎるサンリオキャラクターズの新作3種が全国のカプセルトイ自販機コーナーに登場します✨ 🩹 ばんそうこうキーホルダー3 ・本物の絆創膏とほぼ同じサイズ！ ・少しぷっくりした厚みがリアルで可愛い♡ https://t.co/6ErTOgNjmf,https://x.com/sanrio_fan_jp/status/2098019713054015819,9981,69,937,10,2,1,0,6,16,13,1,7,0
155,2072807126096068661,"Thu, Jul 2, 2026",【香港サンリオ】機長姿のシナモンに会える！将軍澳MCP「Cinnamoroll &amp; Usahana 夢想飛行樂園」詳細まとめ✨ 今年の夏、香港のMCP CENTRAL（新都城中心2期）L1天幕廣場が、シナモロールとウサハナと一緒に空の旅を楽しめる航空世界に大変身します。現地イベントの詳細スペックをシェアします👇 https://t.co/aV7NUx1lFv,https://x.com/sanrio_fan_jp/status/2072807126096068661,56763,284,1649,57,39,3,0,60,30,125,0,8,0
156,2074979552401760715,"Wed, Jul 8, 2026",＼ 🎀 white cloverから新登場 🎀 ／ サンリオキャラクターズのジュエリーケースが新発売！✨ お気に入りのアクセサリーをかわいく収納して、どこへでも持ち運べちゃう優秀アイテムです 💼💖 ネックレスが入れられる便利な巾着袋もセットになっています。 🎨 ラインナップ（全4色） https://t.co/RMmnXrb5Ab,https://x.com/sanrio_fan_jp/status/2074979552401760715,17252,213,2301,34,3,0,0,33,16,35,0,1,0
157,2084047298741653548,"Sun, Aug 2, 2026",【しまむら新作】LITTC×anna×ハローキティのスペシャルコレクションが8/5(水)より発売開始🎀🧸 キティちゃんらしい赤やピンクを基調としたトレーナーや総柄パンツ、リボン付きブルゾンなど、姉妹やお友達とリンクコーデが楽しめる超絶可愛いラインナップ！ オンラインは同日15時〜 #しまむら #LITTC https://t.co/zPJjpdFK9G,https://x.com/sanrio_fan_jp/status/2084047298741653548,4581,7,324,3,1,1,0,1,15,19,2,13,0
158,2095742767775527223,"Fri, Sep 4, 2026",ハローキティ×ANY KIDSから秋のおしゃれがもっと楽しくなるスペシャルなコラボアイテムが登場！❤️✨ これからの季節に大活躍のカーディガンやブラウス、ジャンパースカート、2WAYバッグなど計6型を展開🎀 🗓️ 発売日 2026年9月11日（金） ・公式オンラインサイト：正午12:00〜販売開始 ・全国のANY https://t.co/FqRhHQ6iSv,https://x.com/sanrio_fan_jp/status/2095742767775527223,5399,52,388,2,0,0,0,1,5,8,0,5,0
159,2087714395908657347,"Thu, Aug 13, 2026","【サンリオ当りくじ速報】 2026年12月に「シナモロール当りくじ」が発売決定！☁️✨ ユニコーンのコルネに乗ったシナモン＆ポロンちゃんのゆめかわデザイン🎠 背面カップホルダー付きキャリーケースやトランク、ルームウェアなど超豪華！ 1回1,320円(税込) #シナモロール #サンリオ当りくじ https://t.co/RPoMgUytp8",https://x.com/sanrio_fan_jp/status/2087714395908657347,14625,182,724,20,9,1,1,34,23,123,0,7,0
160,2080203481290543469,"Thu, Jul 23, 2026",＼アベイル×サンリオ新作コラボ🎀／ 8/1(土)からアベイル店舗&amp;オンラインで発売！はなまるおばけのクッションやバッグ、シュガーバニーズのヘアバンド、ぼんぼんりぼんのグッズに、争奪戦必至のペット用品やチャームまで超充実🐶🐱 ※オンラインは同日12:00〜 #アベイル #サンリオ #推し活 https://t.co/p4Ntb8zeIU,https://x.com/sanrio_fan_jp/status/2080203481290543469,103471,792,12752,222,71,121,3,131,147,1366,19,47,0
161,2080036823070560722,"Wed, Jul 22, 2026",＼今週末発売！アベイル×サンリオキャラクターズ最新コラボアイテム登場📢／ カジュアル＆シューズのAvail（アベイル）から、2026年7月25日(土)よりサンリオキャラクターズの新作アパレル＆雑貨が多数ラインナップされます！ https://t.co/N5YKXEXPpO,https://x.com/sanrio_fan_jp/status/2080036823070560722,51243,314,9160,75,33,49,0,25,90,253,9,10,0
162,2098187439470956752,"Thu, Sep 10, 2026",【ポムポムプリン×CA4LA】30周年記念コラボアイテム通常販売スタート🍮✨ ポムポムプリン30周年を記念した「CA4LA」とのスペシャルコラボアイテムの通常販売が決定しました！ 📍販売概要 ・開始日時：9月11日(金) 11:00〜 ・販売場所：CA4LA オンラインショップ限定 https://t.co/gjjjJ460IU,https://x.com/sanrio_fan_jp/status/2098187439470956752,8868,110,429,7,1,0,0,8,15,21,7,8,0
163,2095638585416503603,"Thu, Sep 3, 2026",【楽天スーパーSALEお得情報】 ふわもこ可愛いサンリオキャラクターズの「ハロウィン マスコットポーチ」が、楽天スーパーSALEでお得なセール価格に！🎃✨ SALE価格 924円（税込）！ （さらにポイントアップや各種クーポンの対象にも♪） 【対象の在庫キャラクター（2種類）】 ・マイメロディ https://t.co/PAr2BAh6am,https://x.com/sanrio_fan_jp/status/2095638585416503603,2765,12,59,1,2,0,0,1,5,5,8,0,0
164,2069629664398860765,"Wed, Jun 24, 2026",詳細はこちら https://t.co/buJakAQNhR,https://x.com/sanrio_fan_jp/status/2069629664398860765,987,2,61,0,0,0,0,0,0,29,30,0,0
165,2072064851405660391,"Tue, Jun 30, 2026",＼マウントレーニア × サンリオ限定コラボパッケージ🍓🍂／ 森永乳業の「マウントレーニア クリーミー」シリーズから、サンリオの仲間たちとコラボした数量限定パッケージ全16種が2026年7月上旬より全国発売決定！ https://t.co/xs28ZYrLdd,https://x.com/sanrio_fan_jp/status/2072064851405660391,28426,614,2808,41,16,5,0,116,41,70,1,12,0
166,2072468265687982256,"Wed, Jul 1, 2026",【海外グッズ情報】 この可愛さは反則…！サンリオの仲間たちが、カチカチ鳴るキーボードのキー型おもちゃ「Clickeez」になって新登場。 https://t.co/7yFCYxNCDh,https://x.com/sanrio_fan_jp/status/2072468265687982256,9245,40,1065,6,0,1,0,8,16,34,0,0,0
167,2100071935384416697,"Wed, Sep 16, 2026",🌟✨💤【 🩵 海外イベント情報 🩵 】✨💤🌟 台湾のくら寿司（藏壽司）にて「シナモロールとお友達のパジャマパーティ」テーマの限定ガチャ（ビッくらポン）が9月24日(水)よりスタート！🎉✨ https://t.co/3ZqtprY7Gr,https://x.com/sanrio_fan_jp/status/2100071935384416697,108998,779,11806,181,24,3,0,84,53,128,1,10,0
168,2100223113644638656,"Wed, Sep 16, 2026",🌟💖【 🎀 新作コラボ速報 🎀 】💖🌟 JILL by JILL STUART（ジル バイ ジルスチュアート）とハローキティのスペシャルコラボが決定発表されました🧸✨ シックなリボン＆チェック柄が可愛すぎる予告画像が公開中👀💖 続報をお楽しみに…！✨ #JILLbyJILLSTUART #ハローキティ #サンリオ https://t.co/z5bGIsOnSd,https://x.com/sanrio_fan_jp/status/2100223113644638656,31846,159,1723,17,2,2,0,19,37,26,13,47,0
169,2069631151262896361,"Wed, Jun 24, 2026",詳細はこちら💁‍♀️ https://t.co/0OR7D2n8fU,https://x.com/sanrio_fan_jp/status/2069631151262896361,1473,5,196,1,1,0,0,1,3,106,81,0,0
170,2082346656108810604,"Wed, Jul 29, 2026",ウサハナファンの皆さん大注目！8/7の誕生日を記念した「ずっと大好きウサハナデザインシリーズ」が新登場。たくさんのリボンでおめかしした平成レトロなアイテムが勢揃い！ 発売日：8/5(水)〜オンライン・直営店ほか ※一部地域は8/6(木)〜 詳細は公式サイトをご覧下さい♪ https://t.co/6w2BTsfnTE https://t.co/jtim61kdku,https://x.com/sanrio_fan_jp/status/2082346656108810604,32917,613,4708,114,68,6,1,108,76,571,402,14,0
171,2087411915358445574,"Wed, Aug 12, 2026",【新商品情報】バンダイから「きぐるみ〜ず サンリオキャラクターズ2」が登場！🍎 テーマはカラフルフルーツ全6種🍍 フロッキー加工のもこもこ感がたまらない…！ 🗓発売日：2026年8月17日 💰価格：539円（税込） 🛒全国量販店の菓子売場等 楽天でチェックする🛒 https://t.co/tXTnCUICdZ https://t.co/IhEO4jmKTI,https://x.com/sanrio_fan_jp/status/2087411915358445574,47361,678,4936,109,56,4,0,77,55,258,205,11,0
172,2100911678019813470,"Fri, Sep 18, 2026",＼アベイルクロミ化計画が始動！😈🖤／ 10/31にお誕生日を迎えるクロミの限定アイテムがアベイルに大量登場✨ ゴシック風アパレルや他キャラがクロミになりきった「きぐるみアート」も必見👀 🗓発売日：9/26(土)〜（オンラインは同日12:00〜） 📍全国のアベイル店舗＆しまむらパーク #クロミ https://t.co/MbSpzcCJBd,https://x.com/sanrio_fan_jp/status/2100911678019813470,54613,392,3099,63,19,44,0,65,38,92,1,10,0
173,2079012500637671768,"Mon, Jul 20, 2026",＼韓国・江南に「ポムポムプリン ベーカリーカフェ」が常設オープン！🍮✨／ 韓国のサンリオ公式より嬉しいお知らせ！ ソウルの新世界百貨店 江南店に、プリンくんの可愛いベーカリーカフェが誕生します。期間限定ではなく「常設運営」なのが嬉しいポイント♩ 📅【オープン日】 2026年7月28日(火) https://t.co/JUoxwPemP5,https://x.com/sanrio_fan_jp/status/2079012500637671768,117740,625,4606,239,102,2,0,202,114,313,2,19,0
174,2080119693109780844,"Thu, Jul 23, 2026",詳細はこちら💁‍♀️ https://t.co/S1o1jvMIbl,https://x.com/sanrio_fan_jp/status/2080119693109780844,1171,4,103,1,0,0,0,1,1,42,55,0,0
175,2081606748939628585,"Mon, Jul 27, 2026",サンリオファン必見！タカラトミーアーツから、今週（7月27日週）発売＆再販される大注目の新作ガチャガチャ4種類をまとめました！✨ どれもクオリティが高くてコンプリートしたくなる可愛さです🎀 🌟今週のラインナップ（各税込300円） 1. きらきらこんぺいとうチャーム（全5種） https://t.co/pTde4qpb1U,https://x.com/sanrio_fan_jp/status/2081606748939628585,57449,410,9179,76,43,22,0,36,99,103,9,6,0
176,2081658628684337243,"Mon, Jul 27, 2026",📢韓国の江南新世界百貨店に「ポムポムプリン ベーカリーカフェ」がいよいよ明日7/28(火)オープン！🍮✨ 可愛いデザートや限定グッズ、オープン記念イベントも用意されているとのこと。コック帽をかぶったプリンくんが目印です💛渡韓予定の方は要チェック！ #ポムポムプリン #サンリオ #韓国カフェ https://t.co/rvjOTFFNX0,https://x.com/sanrio_fan_jp/status/2081658628684337243,867175,138,1928,35,10,5,0,25,139,506,29,13,0
177,2075063916024250712,"Thu, Jul 9, 2026",詳細はこちら💁‍♀️ https://t.co/WuYWhpViPf,https://x.com/sanrio_fan_jp/status/2075063916024250712,2202,2,511,4,0,0,0,0,2,193,314,0,0
178,2077194141063418284,"Wed, Jul 15, 2026",別のイラストもあります♪ https://t.co/Ai9YgIz560,https://x.com/sanrio_fan_jp/status/2077194141063418284,1748,47,181,5,1,0,0,9,13,5,1,0,0
179,2087297814602887570,"Tue, Aug 11, 2026",おともだちと一緒で可愛さ2倍！✨ 『サンリオキャラクターズ いつもいっしょの2ピースアクスタ』が登場！ 全20種の豊富なラインナップ（1個275円税込）！ 9月中旬発売✨ 楽天でチェックする🛒 https://t.co/jW9XV9Tqbm アマゾンでチェックする🛒 https://t.co/IFsSumKe6n #サンリオ #サンリオグッズ https://t.co/KdCDs17h5W,https://x.com/sanrio_fan_jp/status/2087297814602887570,43362,470,7037,88,7,1,0,60,57,221,200,6,0
180,2069965284690280570,"Thu, Jun 25, 2026",プリンくんファン大歓喜の予感…！🍮💛 6/27(土)からアベイルで、ポムポムプリンの限定コレクションが発売決定！ アベイル限定アートを使ったバッグやチャーム、クッションに収納ボックスまで、どれも可愛すぎて目移りしちゃいます🥺✨ 今週末はアベイルに走るしかない…！ #アベイル https://t.co/DYuHogjKvF,https://x.com/sanrio_fan_jp/status/2069965284690280570,131472,1671,34307,455,185,10,1,252,151,416,3,69,0
181,2098248457358352673,"Fri, Sep 11, 2026",【新作コラボ】キデイランド×ユナイテッドアローズ「ハローキティ」「マイメロディ」コラボアイテムが発売決定！ キデイランド80周年を記念したスペシャルプロジェクト🎉 大人も日常に取り入れやすいファッション＆ライフスタイルアイテムが順次登場します！ 🎀ハローキティ https://t.co/2Z81W7Cu4x,https://x.com/sanrio_fan_jp/status/2098248457358352673,26890,219,5579,69,12,7,0,30,32,409,328,13,0
182,2097317882149642639,"Tue, Sep 8, 2026",【プライズ情報】 セガプラザから「ポムポムプリン×しばんばん」の激カワコラボ景品が9月18日(金)より順次登場！🐶プリン🍮 周年を記念した癒やし度満点のLぬいぐるみ＆マスコット（全3種）がゲームセンターにやってきます✨ 📅9/18(金)〜順次展開 #ポムポムプリン #しばんばん #セガプライズ https://t.co/8cwXKizjnb,https://x.com/sanrio_fan_jp/status/2097317882149642639,6492,123,473,15,10,0,0,14,9,16,0,1,0
183,2072793152784904568,"Thu, Jul 2, 2026",＼サンリオの豪華ラッキーバッグ🛒✨／ 大好評のサンリオ・ラッキーバッグ9点セット見つけた💡 お出かけに便利なバッグからおうちで癒やされるブランケットやクッションまで、可愛い実用アイテムがたっぷり9点も詰まっています💖 https://t.co/lLtugBroFu,https://x.com/sanrio_fan_jp/status/2072793152784904568,9238,86,1744,12,3,0,0,6,9,94,90,4,0
184,2070622162961289679,"Fri, Jun 26, 2026",Amazonリンクはこちら💁‍♀️#pr https://t.co/e9GyWmXa9n,https://x.com/sanrio_fan_jp/status/2070622162961289679,736,0,18,1,0,0,0,0,0,9,9,0,0
185,2070363897635516662,"Fri, Jun 26, 2026","【サンリオ新作情報📢】 ANY KIDSから、夏の思い出をかわいく彩る特別なコラボコレクションが7/3(金)より発売！ 🔮 ラインナップ ・ファンシーフリル袖Tシャツ（90〜150cm）¥2,490〜 ・ミラクルスパンコール半袖Tシャツ（100〜140cm）¥2,990〜 ・ぷっくりボタンマリンパンツ（100〜150cm）¥3,990〜 https://t.co/NLVLA3pKKa",https://x.com/sanrio_fan_jp/status/2070363897635516662,10511,96,2133,23,7,0,0,11,30,35,2,4,0
186,2097864492843704454,"Thu, Sep 10, 2026","＼9/14(月)15:00発売／ ファッションセンターしまむらから「サンリオキャラクターズ」の大人エプロンが登場✨ ハローキティやポムポムプリンなどの可愛いデザイン！M-Lサイズに加え、3L-4Lの大きめサイズ展開アイテムも♪ 価格：1,990円(税込2,189円) #サンリオ #しまむら #サンリオグッズ https://t.co/oV5n1j3IkN",https://x.com/sanrio_fan_jp/status/2097864492843704454,4867,29,195,2,4,1,0,4,2,9,0,2,0
187,2100216172553904244,"Wed, Sep 16, 2026",💧✨【 販売中：サンリオ キャラクターズ 】✨💧 暑い季節の水分補給やお出かけにぴったり！サンリオの「ストラップ付きクリアボトル（夏のブレイクタイムシリーズ）」が好評発売中です☆ https://t.co/KGEXv7TZDE,https://x.com/sanrio_fan_jp/status/2100216172553904244,11469,120,728,25,0,0,0,11,9,33,34,1,0
188,2077206603468791956,"Wed, Jul 15, 2026",詳細はこちら💁‍♀️ https://t.co/6X9CNM9f5o,https://x.com/sanrio_fan_jp/status/2077206603468791956,1242,1,29,0,0,0,0,0,1,10,17,0,0
189,2071946225671352760,"Tue, Jun 30, 2026",＼海外サンリオ新作情報🇨🇳✨／ 中国のサンリオ公式から、ちょっぴりシュールで愛嬌たっぷりな新作マスコット「搞怪日常（おかしな日常）シリーズ」が登場！ https://t.co/Izz9NllFbr,https://x.com/sanrio_fan_jp/status/2071946225671352760,39445,361,7823,72,18,3,2,64,54,82,0,12,0
190,2096772647095083061,"Mon, Sep 7, 2026",【予告】2027年3月に「ハローキティ当りくじ」が登場予定🍎 オーブントースターやぬいぐるみ、キャンディーポット、ラストスペシャル賞のクッションなど可愛いラインナップの一部が公開されました✨ 詳細は公式サイトをチェック！ https://t.co/HJXoEWz2kR #サンリオ当りくじ #ハローキティ #サンリオ https://t.co/ywByV78nC0,https://x.com/sanrio_fan_jp/status/2096772647095083061,14838,220,1568,33,7,0,0,27,15,130,89,18,0
191,2099383068549366036,"Mon, Sep 14, 2026",【商品情報】丸美屋 サンリオキャラクターズ カレー＜ポーク＆野菜甘口＞ ◆ 価格・仕様 ・価格：151円（税込） ・内容量：145g（1人前） ・特典：オリジナルキラキラシール1枚入り（全10種） ◆ 特徴 ・7種類の野菜とやわらかポークの甘口カレー ・温めずにそのまま召し上がれます https://t.co/A0vibAQXou,https://x.com/sanrio_fan_jp/status/2099383068549366036,18863,285,1800,35,11,0,1,37,19,79,52,3,0
192,2082302849799622748,"Wed, Jul 29, 2026",\🇹🇼情報/台湾のくら寿司にサンリオキャラクターズが登場！ 8/7(金)～9/16(水)まで、全18種類の限定ビッくらポン！が楽しめます。 今回のテーマは「プールパーティー」！夏らしい水着姿のキティやポチャッコたちがとってもキュート。 現地の方や台湾旅行を計画してる方はぜひ参考してください♪ https://t.co/iqnVgAtzD4,https://x.com/sanrio_fan_jp/status/2082302849799622748,55214,256,3127,46,27,5,1,43,26,100,3,4,0
193,2081585064975208842,"Mon, Jul 27, 2026",＼8/7は #ウサハナ のお誕生日🎂🌈／ 8/1(土)〜 アベイル にウサハナの新作アイテムが登場！ アベイル限定の激かわベビーアートデザインや、普段使いできるポーチ・巾着などラインナップも超豊富🐰💖 📅発売日：8月1日(土) 🛒オンライン：同日12:00〜（しまむらパーク） https://t.co/IWLmf85mss,https://x.com/sanrio_fan_jp/status/2081585064975208842,34785,433,3727,82,16,50,1,69,52,143,6,7,0
194,2082082917057266079,"Tue, Jul 28, 2026",詳細はこちら💁‍♀️ https://t.co/EH9FGwHy0g,https://x.com/sanrio_fan_jp/status/2082082917057266079,4001,4,1136,1,11,0,0,1,5,409,717,0,0
195,2101905270826025147,"Mon, Sep 21, 2026",🌟💖【 🖤 海外グッズ情報 🖤 】💖🌟 MINISO×ハローキティ「エレガント日常シリーズ」好評販売中🖤✨ 大人のための黒×白シックデザイン！ バッグ、ニット帽、傘、イヤホン、ヘアアクセまで豪華ラインナップバッグ🧢☂️ 黒キティ好き必見です👀✨ #サンリオ #ハローキティ #MINISO #海外グッズ https://t.co/lfDbGVvFcK,https://x.com/sanrio_fan_jp/status/2101905270826025147,2112,11,143,2,0,0,0,2,1,6,1,0,0
196,2080425926786244648,"Thu, Jul 23, 2026",＼【海外トイ情報】香港動漫電玩節（ACGHK 2026）開幕！UNBOXの限定サンリオフィギュアが超ハイセンス👀✨／ 香港でスタートした「第27回香港動漫電玩節（ACGHK 2026）」にて、UNBOX Industriesのブース【Hall 1 - F04】で大注目の限定アイテムが展開されています！ 🎯【注目ラインナップ＆仕様】 https://t.co/D3FnKsbSJ0,https://x.com/sanrio_fan_jp/status/2080425926786244648,10592,74,1085,22,5,2,0,17,19,34,0,8,0
197,2094192272095215898,"Sun, Aug 30, 2026",【新作グッズ情報】 バンダイ キャンディから「アイスクリーミィケースチャーム サンリオキャラクターズ」が登場！🍦✨ 全高約8cmのキュートなアイスクリーム型マスコットチャームです。 コーン部分は取り外して小物ケースとして使えます！ 小さなアクセサリーなどを入れて持ち運ぶのにもぴったり♪ https://t.co/CJ5uWPziDu,https://x.com/sanrio_fan_jp/status/2094192272095215898,18226,94,772,18,4,1,2,15,12,65,3,4,0
198,2079648643615994237,"Tue, Jul 21, 2026",＼2026 Kリーグ × サンリオキャラクターズの夏コラボ「SUMMER CAMP」限定グッズのラインナップが初公開！✨／ 韓国プロサッカーリーグ（Kリーグ）とサンリオのコラボポップアップストアが「ザ現代ソウル」で開催決定！ https://t.co/bGQ5bquCsR,https://x.com/sanrio_fan_jp/status/2079648643615994237,46468,138,4205,47,15,6,0,41,43,115,0,18,0
199,2095479132243259890,"Thu, Sep 3, 2026",【海外グッズ情報】 タイのアパレルブランド「https://t.co/yjY3nhnWFE」より、ハローキティコラボの限定コレクションが登場！🎀✨ ピンクストライプのシャツにはキティやリボンのパッチが施され、ガーリーにもカジュアルにも合わせやすいデザインです。 【商品ラインナップ】 💖 Timeless Shirt https://t.co/1Y86hOQgD1,https://x.com/sanrio_fan_jp/status/2095479132243259890,4804,38,269,11,4,2,0,10,7,21,18,2,0
200,2097657790160589089,"Wed, Sep 9, 2026",【海外グッズ情報】 香港セブンイレブンにハンギョドンのブラインドボックスが登場💥 ハンギョドンと友達のさゆりちゃん・イタローがスーパーヒーローに変身！ライトアップ台座付きのフィギュアです✨ 通常6種＋シークレット6種の全12種！ #ハンギョドン #サンリオ #7ElevenHK https://t.co/2R6xWSZXVY,https://x.com/sanrio_fan_jp/status/2097657790160589089,20481,259,2541,51,51,1,0,37,30,47,1,14,0
201,2081049107012231626,"Sat, Jul 25, 2026",📢【海外トレンド情報】 MINISO &amp; Sanrio charactersの最新コラボ『Sun-Kissed Party』が東南アジアエリアで近日発売決定！夏を全力で楽しむキャラクターたちのコレクションでビジュアルが最高にキュート✨ 🌴 注目アイテムラインナップ ・水着＆サングラス姿のぬいぐるみチャーム各種 https://t.co/2WqVtOKAfk,https://x.com/sanrio_fan_jp/status/2081049107012231626,102972,299,7550,87,15,3,0,36,82,102,2,36,0
202,2094420293557338595,"Mon, Aug 31, 2026",【新刊情報】9月1日は「防災の日」💡 Gakken Mookから『マイメロディ＆クロミのおまもりふろしき 「もしものときにじぶんを守るぼうさいBOOK」つき』が本日発売！ マイメロディとクロミが可愛い「100×100cm」の超大判ふろしきは、日常も災害時も役立つ万能アイテムです✨ 💡【ここがすごい！】 https://t.co/9hwh8racSG,https://x.com/sanrio_fan_jp/status/2094420293557338595,13352,51,919,7,3,0,0,14,15,52,79,5,0
203,2090297171828670736,"Thu, Aug 20, 2026",【サンリオ新商品情報】サンキューマートに夢かわいい新作アイテムが登場🌟 『リトルツインスターズ（キキララ）』と、ミステリアスでキュートな『マジカルツインコメッツ』の新コラボグッズが勢ぞろい！ 全品390円（税込429円）という圧倒的プチプラ価格でゲットできますプライスレス…！ https://t.co/Kmlj0txw6w,https://x.com/sanrio_fan_jp/status/2090297171828670736,22279,156,1304,30,2,0,0,35,37,39,3,7,0
204,2075759058347544792,"Sat, Jul 11, 2026",アマゾンのリンクはこちら💁‍♀️#pr https://t.co/Hsjl2LIg39,https://x.com/sanrio_fan_jp/status/2075759058347544792,1372,1,66,0,0,0,0,0,1,28,34,2,0
205,2080097363579003133,"Thu, Jul 23, 2026",詳細はこちら💁‍♀️ https://t.co/YqnW2LHTtS,https://x.com/sanrio_fan_jp/status/2080097363579003133,5920,26,2404,8,27,1,0,1,12,1292,1072,0,0
206,2076579070780068241,"Mon, Jul 13, 2026",詳細はこちら💁‍♀️ https://t.co/ihppWEY1pb,https://x.com/sanrio_fan_jp/status/2076579070780068241,1382,1,9,0,0,0,0,0,0,3,5,0,0
207,2095642826763894927,"Thu, Sep 3, 2026",【新商品情報】 グルマンディーズからやさしい世界観がキュート！「マイメロディ×スージー・ズー」のコラボアイテムが新登場しました🎀🧸 ファン必見のパステルカラーで描かれたスペシャルデザイン♪日常使いやデコレーションにぴったりなラインナップです！ 【アイテムラインナップ】 ・ランダム https://t.co/3hCUlDxe9J,https://x.com/sanrio_fan_jp/status/2095642826763894927,3843,10,228,1,0,0,0,1,3,15,2,0,0
208,2070977975617765484,"Sat, Jun 27, 2026",Amazonリンクはこちら💁‍♀️#pr https://t.co/yzPb2VAlyD,https://x.com/sanrio_fan_jp/status/2070977975617765484,1234,1,30,0,0,0,0,0,0,15,13,1,0
209,2077515091910742246,"Wed, Jul 15, 2026",＼中国サンリオ限定の新デザイン！🇨🇳／ 広東地方の伝統的な朝ごはん「飲茶（ヤムチャ）」をテーマにした『広東限定早茶シリーズ』が近日登場！🥟🫖 コック帽をかぶったプリン、シナモン、マイメロ、キティ、クロミが点心を運ぶイラストが可愛すぎます。 #サンリオ #海外サンリオ #飲茶 #ハローキティ https://t.co/MiDFG5AS0r,https://x.com/sanrio_fan_jp/status/2077515091910742246,114380,598,1835,55,35,2,0,85,66,84,4,6,0
210,2083041726244221363,"Fri, Jul 31, 2026",詳細はこちら💁‍♀️ https://t.co/af4tCDWCof,https://x.com/sanrio_fan_jp/status/2083041726244221363,1525,3,142,1,3,0,0,1,1,59,78,0,0
211,2097231680872599983,"Tue, Sep 8, 2026",【新情報】 三島スカイウォークにて「シナモロール」とのコラボ開催決定！☁️✨ 富士山帽子の限定デザイングッズやコラボフード、フォトスポットが登場します。10/3・4にはハイタッチ会も開催！ 📅第一弾：2026/9/12〜11/4 詳細はこちら💁‍♀️ https://t.co/sethv9eT5O #三島スカイウォーク https://t.co/xFm1dr4HXG,https://x.com/sanrio_fan_jp/status/2097231680872599983,19886,370,1939,58,19,3,0,54,32,261,259,17,0
212,2074048648607133969,"Mon, Jul 6, 2026",＼100円ショップにサンリオの夏グッズが登場🌴☀️／ サンリオキャラクターズの日焼けシリーズ「クッションキーホルダー」が順次発売✨ こんがり日焼け＆ハイビスカス姿が夏らしさ全開！表と裏でデザインが違うのもポイントです。 全6種／各200円商品 #サンリオ #100均 #サンリオグッズ https://t.co/0X7JTsHUwL,https://x.com/sanrio_fan_jp/status/2074048648607133969,17132,227,1402,22,7,1,0,24,58,81,2,7,0
213,2075762997113631170,"Sat, Jul 11, 2026",海外で大人気の「tokidoki × サンリオキャラクターズ」コラボフィギュアが登場🦋✨ パステルカラーのお花や、透明な蝶の羽をまとった妖精のようなデザインがたまらなくキュート！何が出るかはお楽しみのブラインドボックス仕様です。 https://t.co/WEt7ZKioR9,https://x.com/sanrio_fan_jp/status/2075762997113631170,14359,163,2212,24,13,0,0,23,24,46,0,5,0
214,2072652632234332420,"Thu, Jul 2, 2026",香港の太古城APITAに、けろけろけろっぴ＆あひるのペックルの特設コーナーが期間限定オープン！🐸🦆✨ かわいい限定グッズの販売や、250香港ドル以上の購入でもらえるあぶらとり紙の特典、会員向けのフォトスポットミッションも用意されています。 7月22日までの期間限定です🛒 #サンリオ https://t.co/KrWg7jKYFW,https://x.com/sanrio_fan_jp/status/2072652632234332420,45472,587,3757,68,40,1,0,79,41,77,0,8,0
215,2095684341175296106,"Fri, Sep 4, 2026",【予告】2027年1月下旬「ハローキティ当りくじ」発売決定🎀✨ ピンクやブルーのチェック柄がガーリーでキュートな、ハローキティの新しい当りくじの予告が公開されました！ 🎀 公開されたラインナップ（一部） ・バニティポシェット（ピンク / グレー） ・マスコット（ピンク / ブルー / グレー） https://t.co/mBQKlXUIBw,https://x.com/sanrio_fan_jp/status/2095684341175296106,3190,42,144,7,1,0,0,7,3,18,17,0,0
216,2075506896539422817,"Fri, Jul 10, 2026",楽天でのお調べはこちら💁‍♀️#pr https://t.co/UJTUJveW6E,https://x.com/sanrio_fan_jp/status/2075506896539422817,1733,1,225,1,0,0,0,0,2,112,106,4,0
217,2075354598865551400,"Thu, Jul 9, 2026",可愛い💕miniso x サンリオ https://t.co/sXL0nM3ZuT,https://x.com/sanrio_fan_jp/status/2075354598865551400,54469,562,8654,88,9,0,0,55,97,45,6,0,0
218,2081627459993432267,"Mon, Jul 27, 2026",今週7/31(金)よりキデイランド15店舗で「はなまるおばけ ハナマルバースデースイーツ POP-UP STORE」がスタート！🎂✨ 8/7のまるまるの誕生日を記念した新作グッズが続々登場します。限定うちわやショッパーのノベルティも要チェックです！ #はなまるおばけ #サンリオ #キデイランド https://t.co/V6qZa4nsox,https://x.com/sanrio_fan_jp/status/2081627459993432267,37646,702,7702,186,51,3,0,141,123,153,10,88,0
219,2084986148670325184,"Wed, Aug 5, 2026",【再販情報】 大人気だったサンリオキャラクターズ「なかよしパジャマシリーズ」のぬいぐるみ＆マスコットが2026年8月に再販✨ お友だち柄のアイマスクを着けたパジャマ姿が愛らしさ満点ですきゅん…😭💖 --- 📅 発売日：2026年8月予定 🛍️ ラインナップ（各全6種） ・なかよしパジャマシリーズ https://t.co/WUBJaoYYW9,https://x.com/sanrio_fan_jp/status/2084986148670325184,225875,4615,15199,778,217,22,4,737,352,2264,2562,93,0
220,2075339712819249367,"Thu, Jul 9, 2026",詳細はこちら💁‍♀️#pr https://t.co/DMXNRcmetw,https://x.com/sanrio_fan_jp/status/2075339712819249367,1833,4,318,2,2,0,0,1,3,146,164,0,0
221,2101908947284492517,"Mon, Sep 21, 2026",🌟💖【 🪙 サンリオの大人気便利グッズ 🪙 】💖🌟 サンリオ「コインケースキーホルダー」好評販売中✨ フタ付きでコインが見えない安心設計！ ガチャ活やゲーセン、精算機で大活躍の優秀アイテム🪙 キティ/けろっぴ/キキララ/マイメロ/マロンクリーム💖 Amazonでチェックする🛒 https://t.co/Bx6FigGMVa,https://x.com/sanrio_fan_jp/status/2101908947284492517,977,1,20,2,0,0,0,0,2,2,1,0,0
222,2077962790703411593,"Fri, Jul 17, 2026",ジュエルペットの新シリーズがキデイランドに登場！💎✨ 2026年9月下旬頃より、一部店舗にて先行販売が決定しました💖 ぬいぐるみやマスコット、シール、トレーディングマスコットストラップなど、キラキラ可愛いアイテムが勢揃い予定。 今後の詳細発表が待ちきれませんね…！ #キデイランド https://t.co/6xfjKBPGle,https://x.com/sanrio_fan_jp/status/2077962790703411593,47503,1437,3755,228,17,7,1,198,278,188,2,58,0
223,2090625976413966655,"Fri, Aug 21, 2026",【海外イベント・グッズ情報】 韓国の大手カフェチェーン「EDIYA COFFEE（イディヤコーヒー）」とサンリオキャラクターズによる大人気コラボの第4弾が発表されました！✨ 今回は秋のシーズンにぴったりの「韓屋（ハノク）へのおでかけ」がテーマ🍁 ◆登場キャラクター ・マイメロディ ・クロミ https://t.co/VDLSpxeHek,https://x.com/sanrio_fan_jp/status/2090625976413966655,81920,371,1187,41,21,1,2,46,59,119,0,20,0
224,2071948815473819685,"Tue, Jun 30, 2026",https://t.co/ekiC9EJwiz,https://x.com/sanrio_fan_jp/status/2071948815473819685,1167,8,101,1,0,0,0,1,2,0,0,0,0
225,2096732149097599030,"Sun, Sep 6, 2026","TOP TOY ハローキティ サマー・レインボーキャンディ シリーズ 📝✨ ▼ 価格・セット ・単品（3個入り）：1,760円（税込） ・1箱（30個入り）：14,850円（税込） ▼ 商品のポイント ・デザイン：22種＋限定バージョン（日焼け肌、レオパード柄、ドット柄など） https://t.co/hKdZQf7Qy4",https://x.com/sanrio_fan_jp/status/2096732149097599030,13246,138,1079,28,4,2,0,14,18,111,80,7,0
226,2090648916983464291,"Fri, Aug 21, 2026",サンキューマートから『リトルツインスターズ』と『マジカルツインコメッツ』の限定アイテムが登場🌟 ゆめかわなキキ＆ララとミステリアスなリリ＆ルルの2つの世界観！ポーチやソックスなど全品390円（税込429円）でWEB予約受付中💖 楽天でチェックする🛒 https://t.co/gg4QEzBnef https://t.co/qmw8RXybEb,https://x.com/sanrio_fan_jp/status/2090648916983464291,11179,56,587,7,1,0,0,6,3,78,46,1,0
227,2081910849065963892,"Tue, Jul 28, 2026",＼東京駅で期間限定ポップアップ開催！🌈／ ウサハナの夏全開な姿がたまらない「ウサハナPOP-UP STORE×むにゅぐるみパティオ」の開催が決定しました！ ポップなサングラスをかけたリゾート仕様のウサハナグッズが多数登場します🍉✨現地に行けない方に嬉しいオンライン販売も用意されています！ https://t.co/fqH1k2aBh6,https://x.com/sanrio_fan_jp/status/2081910849065963892,28536,352,2688,72,16,2,1,55,62,75,4,14,0
228,2096359520746492028,"Sat, Sep 5, 2026",サンキューマート×キキララ＆マジカルツインコメッツ 発売情報📝✨ ゆめかわ気分になれる2つの世界観のアイテムがALL 390円（税込429円）で登場！ 📍 注目ポイント ・それぞれの世界観が楽しめる豊富なラインナップ ・ポーチやソックス、アクリルクリップなど実用的な雑貨が勢ぞろい https://t.co/ATSpZVNdjb,https://x.com/sanrio_fan_jp/status/2096359520746492028,65140,893,10928,187,14,2,0,111,95,496,216,39,0
229,2098317328392048775,"Fri, Sep 11, 2026",サンリオコリアより「ウサハナ（U*SA*HA*NA）」のポップアップストア開催決定のお知らせ！🌈 サンリオの体験型プロジェクト「Sanrio Q」の2つ目のクエストとして、ウサハナのポップアップストアが10月1日（10/1）にオープンします✨ https://t.co/IiQ9e9sYEB,https://x.com/sanrio_fan_jp/status/2098317328392048775,27269,250,572,36,10,1,0,37,39,52,0,18,0
230,2072084671043895535,"Tue, Jun 30, 2026",タカラトミーから「デコってクロミ リカちゃん」が登場。 メッシュが入ったパープルカラーの髪色に、クロミデザインのドレスがすごくマッチしてる。 カチューシャやスマホ、バッグなどの可愛い小物もたくさん付属。 https://t.co/TEfxU16v7z,https://x.com/sanrio_fan_jp/status/2072084671043895535,7845,80,1159,9,3,0,0,11,7,14,0,0,0
231,2092937673027789003,"Thu, Aug 27, 2026",【9月発売予定】サンリオキャラクターズ カプセルトイ新作4選✨ アイピーフォー（KORO KORO collection）より、9月発売予定のサンリオ新作カプセルトイをご紹介！ ①サンリオキャラクターズ 甘えんぼナミダ マチ付き巾着 https://t.co/Usx73QxS4a,https://x.com/sanrio_fan_jp/status/2092937673027789003,22406,85,2424,24,7,1,0,8,27,72,10,1,0
232,2099328326494216465,"Mon, Sep 14, 2026",メゾピアノとマイメロディ・クロミのコラボアイテムが登場🎹✨ 音楽会をイメージしておめかしした大人もときめくデザイン！トレーナーやワンピース、雑貨までラインナップ。 📅発売日：2026年9月19日(土) ※ナルミヤオンラインは同日10時〜 #mezzopiano #マイメロディ #クロミ https://t.co/258h1xFOJ7,https://x.com/sanrio_fan_jp/status/2099328326494216465,16332,111,1417,29,2,0,0,17,52,45,0,30,0
233,2071346022765547785,"Sun, Jun 28, 2026",Amazonリンクはこちら💁‍♀️ https://t.co/ewK71rR0YG 楽天リンクはこちら💁‍♀️ https://t.co/fxI28hSPvK #pr,https://x.com/sanrio_fan_jp/status/2071346022765547785,1404,1,7,0,0,0,0,0,0,4,2,0,0
234,2088491846725259357,"Sat, Aug 15, 2026",＼ 香港サンリオ限定！泡風呂ぬいぐるみシリーズ 🧼 ／ 香港限定（Sanrio Gift Gate HK）の新作『泡泡浴桶系列』が発表されました！ ふわふわの泡バスタブに入ったキャラクターたちと、シャワーヘッドや刺繍タオルのディテールがたまらない可愛さです♡ ✨ ラインナップ ハローキティ / https://t.co/csE6GGtdMG,https://x.com/sanrio_fan_jp/status/2088491846725259357,13230,234,626,28,14,0,0,35,24,64,2,2,0
235,2099091030784012567,"Sun, Sep 13, 2026",【新作コラボ】「ポムポムプリン」×「ANNA SUI」のコラボアクセサリーが9/12(土)より発売中💜✨ ポムポムプリンがタキシード風スタイルでちょっぴりジェントルに変身！ 薔薇を添えたシルハットや黒紫の蝶、ANNA SUIカラーのビーズなどミステリアスでゴシックな雰囲気に🎩 https://t.co/b8dWhem18D,https://x.com/sanrio_fan_jp/status/2099091030784012567,15741,200,1513,31,10,1,0,29,21,57,56,9,0
236,2073258602010206247,"Sat, Jul 4, 2026",海外のサンリオグッズが、仕事や勉強で疲れた心に刺さりすぎる…🌱🥺 HOLLY BOXの「アフタヌーンガーデン」シリーズ、なんと可愛いみんなの周りで「本物の植物」が育てられる栽培キット付きのフィギュアなんです。 https://t.co/4ny4UOvorv,https://x.com/sanrio_fan_jp/status/2073258602010206247,7788,95,1166,19,1,0,0,17,9,45,0,3,0
237,2072939507528462632,"Fri, Jul 3, 2026",詳細はこちら💁‍♀️ https://t.co/RwOPGqyMkf,https://x.com/sanrio_fan_jp/status/2072939507528462632,1042,2,16,0,0,0,0,0,0,5,9,0,0
238,2072854763541340357,"Fri, Jul 3, 2026",＼ 🕶️ MULGA × SANRIO CHARACTERS コラボ新発売！ 🕶️ ／ オーストラリアの人気アーティスト「モルガ」とサンリオキャラクターズの遊び心あふれるコラボ新商品が登場！ サングラス姿のキャラクターたちがとってもキュートな、フェスや夏のお出かけにぴったりのデザインです🌴✨ https://t.co/GVDOKVpcyY,https://x.com/sanrio_fan_jp/status/2072854763541340357,20222,144,3990,66,14,1,0,17,34,90,3,14,0
239,2070343891170300282,"Fri, Jun 26, 2026",詳細はこちら💁‍♀️ https://t.co/1hKNT1dfun,https://x.com/sanrio_fan_jp/status/2070343891170300282,687,1,22,0,0,0,0,0,0,4,17,0,0
240,2098175820498166032,"Thu, Sep 10, 2026",＼Amazonで販売スタート！／ サンリオの新作「秋めくりんご」デザインシリーズの一部アイテムがAmazonに登場しました！🍎✨ 秋らしい赤チェック柄や、りんごの帽子・ポシェットを身につけたキャラクターたちが可愛すぎる注目シリーズです。 📱スマホで見やすい取扱アイテム一覧👇 https://t.co/UvXJ04Xdiw,https://x.com/sanrio_fan_jp/status/2098175820498166032,5307,37,284,3,1,0,0,4,2,47,36,1,0
241,2075581348052639933,"Fri, Jul 10, 2026",「海外で話題沸騰中！Kidrobotからハローキティ＆フレンズ×パワーパフ ガールズの夢のコラボミニフィギュアシリーズが登場🇺🇸💥」 https://t.co/S28SAuUkeX,https://x.com/sanrio_fan_jp/status/2075581348052639933,44206,812,2124,117,72,2,0,108,55,120,4,9,0
242,2098757530235326840,"Sat, Sep 12, 2026",【🇹🇼海外サンリオ情報】 台湾の人気カフェ「85度C」×サンリオコラボ！🎀✨ シナモロール＆クロミの夢かわいい限定ケーキシリーズが登場中です🎂 見た目が最高に可愛いのはもちろん、食べたあとも楽しめる仕掛けが盛りだくさん！ ────────────── 🍰 ラインナップ https://t.co/vH8DFEzxqc,https://x.com/sanrio_fan_jp/status/2098757530235326840,30883,517,3435,62,16,2,0,63,34,49,0,2,0
243,2090311352640573789,"Thu, Aug 20, 2026",【海外コラボ情報】香港のおむすび専門店「華御結」×ポムポムプリンのコラボが可愛すぎる🍙💛✨ 香港で大人気のおむすびチェーン「華御結（hana-musubi）」にて、ポムポムプリンとの癒やや満載コラボ企画がスタート！ https://t.co/LPgbDYUFGE,https://x.com/sanrio_fan_jp/status/2090311352640573789,67343,1151,8005,206,64,2,1,197,100,184,3,31,0
244,2096867589574238280,"Mon, Sep 7, 2026",【🍫9/9(水)～順次発売🎃】 ゴディバのハロウィン限定「ゴディバ ブラックキャット コレクション」が登場🐾 ポムポムプリンやクロミが黒ネコ姿になった、オンラインショップ限定の激かわセットに注目です！ 🎃注目コラボアイテム🎃 🐈ポムポムプリン セット（9/9発売） ・G ショコラ アソートメント https://t.co/C4MVpqWvLs,https://x.com/sanrio_fan_jp/status/2096867589574238280,42430,758,4248,124,70,3,2,156,37,567,594,32,0
245,2071690208492528035,"Mon, Jun 29, 2026",＼夢屋の7月新作ガチャが優秀すぎる…！カプセルトイ情報✨／ 2026年7月発売予定の大注目サンリオカプセルトイを2つご紹介！ 🐸サンリオ けろけろけろっぴ 全方位アクリルチャーム（各200円） https://t.co/2tlDsgWul9,https://x.com/sanrio_fan_jp/status/2071690208492528035,66195,685,6669,113,83,1,1,134,98,132,3,9,0
246,2076775111685022173,"Mon, Jul 13, 2026",ちょっと待って、このサンリオの組み合わせ私得すぎて尊死する……！！😭❤️ 台湾サンリオ公式がアップしたイラストなんだけど、ウサハナ、こぎみゅん、メルちゃん、モップくんが夜にお部屋に集まって一緒の時間を過ごしてるの！ https://t.co/AeHwNE7vad,https://x.com/sanrio_fan_jp/status/2076775111685022173,73730,1592,10396,199,36,0,0,231,189,157,31,22,0
247,2092085329536925698,"Tue, Aug 25, 2026",【海外イベント情報】 韓国でポムポムプリンがマンドゥ（餃子・肉まん）屋さんの店長に！？🥟✨ ポップアップストア「ポムポムプリンのわあーっとマンドゥ（폼폼푸린의 와-앙만두）」が開催決定！ 【注目のラインナップ】 ・ビッグサイズのマンドゥ＆餃子クッション https://t.co/VRHI4C0PdP,https://x.com/sanrio_fan_jp/status/2092085329536925698,685257,3037,31386,1051,399,19,0,1224,387,2571,3,112,0
248,2076952943581138999,"Tue, Jul 14, 2026",＼100円ショップで発売中！サンリオ夏グッズ🌴✨／ レトロ可愛い「サマーバケーションシリーズ」が登場！ 日焼けキティやサングラス姿の仲間たちが大集合。 プチ巾着(100円)や、日傘も入るPVCバッグ(300円)など、夏のお出かけに大活躍のアイテムばかりです❤️ #サンリオ #100均サンリオ https://t.co/YILwcC9qc3,https://x.com/sanrio_fan_jp/status/2076952943581138999,59269,506,9616,106,22,1,0,50,138,125,13,55,0
249,2098961110707941868,"Sun, Sep 13, 2026",【新着情報】セブン-イレブンでポムポムプリン30周年メモリアルプリントが登場！✨ 全国のセブン-イレブン店内マルチコピー機にて「ポムポムプリン 30th ANNIVERSARY メモリアルプリント」が順次販売開始🍮 デザインを選んでプリントできる選択式なので、お気に入りのデザインを確実にGETできます！ https://t.co/z3YTDQUvMV,https://x.com/sanrio_fan_jp/status/2098961110707941868,14715,78,1718,32,2,1,0,9,9,134,72,7,0
250,2098280938895822985,"Fri, Sep 11, 2026",LOWRYS FARMから「マイスウィートピアノ」のフィギュアが絶賛販売中！🎀 ハローキティ版でも好評だった人気のフィギュアシリーズに、マイメロディのお友だち「ピアノちゃん」モデルが登場。 お部屋に飾るだけで癒やされる絶妙なかわいさです✨ 楽天でチェックする🛒 https://t.co/jXELHa9dDK https://t.co/LjlwbCotBx,https://x.com/sanrio_fan_jp/status/2098280938895822985,21240,515,3547,87,22,2,0,61,26,243,232,17,0
251,2079403316048785803,"Tue, Jul 21, 2026",＼アベイル×イチゴマン新作！🍓/ 7/25(土)より全国のアベイル店舗にて、ハローキティが変身した「イチゴマン」の限定アイテムが登場✨ ポップで激かわなダイカットクッションや、ぬいぐるみリュック、ポーチ、チャームなど大注目ラインナップ！ ※那珂湊店・久慈店は対象外です。 #アベイル https://t.co/5KVU8IEyuq,https://x.com/sanrio_fan_jp/status/2079403316048785803,27292,226,3185,61,11,2,0,67,48,65,3,8,0
252,2084894367991640333,"Wed, Aug 5, 2026",レトロ可愛い💕 【🇹🇼台湾新作情報】ポムポムプリン30周年記念の「使い捨てカメラ」がブラインドボックスで登場！📷✨ フィルム缶風のケースにカメラ本体＆専用ストラップ付き！ ドット絵デザインが可愛すぎる…🍮 全2種（通常黒/シークレット白） ISO400/27枚撮り/電池付き #ポムポムプリン https://t.co/MfHKRzl8UO,https://x.com/sanrio_fan_jp/status/2084894367991640333,13692,144,1551,20,5,0,0,18,7,25,0,3,0
253,2081291294123630889,"Sun, Jul 26, 2026",【イベント情報】サンリオキャラクターズ×ホラグチカヨ POP UP STORE開催🎉 人気イラストレーター・ホラグチカヨさんとのコラボショップ『Colorful Fantasy Forest』が期間限定でオープンします！ 色彩の魔法の森を舞台にした、鮮やかでドラマチックなコラボアートが盛りだくさん✨ https://t.co/7KkkDtYGf5,https://x.com/sanrio_fan_jp/status/2081291294123630889,31947,241,3616,74,23,0,1,50,43,246,1,20,0
254,2097595176957141212,"Wed, Sep 9, 2026",＼POP-UP STORE『HELLO KITTY’S SWEETS MARKET ～Chocolate lovers～』開催決定！／ サンリオキャラクターズのスイーツ＆チョコレートモチーフ限定グッズが盛りだくさん🍫マーケット限定アイテムが登場します！ 📍開催スケジュール 【大阪】大丸梅田店 7F 特設会場 📅 9月18日(金)～10月5日(月) https://t.co/nsEFDFDZSF,https://x.com/sanrio_fan_jp/status/2097595176957141212,17388,202,1838,52,9,5,0,32,21,89,62,3,0
255,2084918419967873107,"Wed, Aug 5, 2026",【100均新作】サンリオキャラクターズ「MOGUMOGU」シリーズの保冷剤が順次登場！❄️ スイーツをもぐもぐ頬ばる姿が可愛すぎるデザイン全6種（各110円） ・キティ ・マイメロ ・シナモン ・クロミ ・プリン ・ポチャッコ お弁当の保冷や夏の熱中症対策にぴったり♪ #100均 #サンリオ https://t.co/8P4zkky34Z,https://x.com/sanrio_fan_jp/status/2084918419967873107,64443,972,8621,184,56,2,0,150,232,170,19,10,0
256,2080818453284553134,"Sat, Jul 25, 2026",Amazonでお得な価格で 既存のもあります♪#pr https://t.co/Ub8cM8yYHc,https://x.com/sanrio_fan_jp/status/2080818453284553134,1031,2,14,0,0,0,0,0,0,4,8,0,0
257,2082357912811520127,"Wed, Jul 29, 2026",公式の詳細はこちら💁‍♀️ https://t.co/kDeAXpyQAh,https://x.com/sanrio_fan_jp/status/2082357912811520127,3029,11,391,2,2,0,0,1,11,157,211,0,0
258,2070440027205914763,"Fri, Jun 26, 2026",【海外サンリオ新情報📢】 中国の複数都市にて、夏限定のテーマ展＆POPUP「日晒海岛派对（アイランドパーティー）」が開催決定！ 注目はオフライン限定の「日焼けハローキティ着せ替えBOX」セット🎁 ・浮き輪は独立して取り外し可能 ・複数のリゾート私服ドレスが付属 https://t.co/NkEWnbUfe1,https://x.com/sanrio_fan_jp/status/2070440027205914763,112855,53,1077,11,4,2,0,4,31,66,0,7,0
259,2082395206230429963,"Wed, Jul 29, 2026",【海外🇭🇰サンリオ情報】香港にてウサハナの完全新作「繽紛緞帶（カラフルリボン）シリーズ」が世界初・先行発売スタート！🌈✨ パステルピンクを基調に、ドット柄のカラフルなリボンをたくさんあしらった夢かわなウサハナの限定コレクションです。 【主なラインナップ】 🎀 ぬいぐるみ・マスコット https://t.co/RiFdRO0NmO,https://x.com/sanrio_fan_jp/status/2082395206230429963,25166,216,2995,39,9,0,0,36,39,45,1,8,0
260,2080169345314082823,"Thu, Jul 23, 2026",＼【保存版】推しキャラと過ごす夢の空間！可愛すぎる「サンリオコラボルーム」がある注目ホテル3選🏨🎀✨／ https://t.co/QZr0zNSmeN,https://x.com/sanrio_fan_jp/status/2080169345314082823,5951,30,403,6,4,0,0,4,1,29,16,1,0
261,2074995589826429186,"Wed, Jul 8, 2026",＼ 🎀 サンリオファン必見の神付録 🎀 ／ 『sweet』2026年9月号の特別付録が予約開始 📢 プレミアム価格がつくほど大人気な「日焼けハローキティ」のステーショナリー9点セットです ✨ 縦11cm×横8cmのコンパクトな缶ケースに、ミニ文房具がきれいに収まるギミックがたまらない…！🧱 👇 https://t.co/JKobjH00IN,https://x.com/sanrio_fan_jp/status/2074995589826429186,10145,120,1112,12,1,0,0,18,17,15,0,2,0
262,2069739705265266826,"Wed, Jun 24, 2026",KIRSH×チャーミーキティのコラボ、どれもルックが良すぎて選べない🥺✨ 👚Look 1：カジュアル＆スポーティなスウェット＋トート 🧢Look 2：ギンガムチェックのキャップ＆スカートでガーリーに 🩳Look 3：総柄クロップドTとハーフパンツでストリート可愛く https://t.co/mKlHxopX03,https://x.com/sanrio_fan_jp/status/2069739705265266826,24924,176,2565,35,1,1,0,18,17,61,0,14,0
263,2077000778112508383,"Tue, Jul 14, 2026",＼香港初！ビル丸ごとサンリオのテーマ旗艦店「Sanrioworld+ Hong Kong」が中環にグランドオープン！🎉✨／ https://t.co/RaDnajtpOS,https://x.com/sanrio_fan_jp/status/2077000778112508383,5263,35,304,24,14,0,0,9,18,98,0,8,0
264,2084249624316129614,"Mon, Aug 3, 2026",【しまむら新作】8/5(水)より全国のしまむら店舗とオンラインストアにサンリオキャラクターズの新作が登場！✨ 可愛いトレーナーやレギンスなどのベビー・キッズアパレルから、ランチプレートやおむつ巾着などの育児雑貨まで盛りだくさん🎀同日15:00〜WEB販売もスタート！ #しまむら #サンリオ https://t.co/znI2334tdA,https://x.com/sanrio_fan_jp/status/2084249624316129614,26052,94,4427,21,10,8,0,10,45,318,4,12,0
265,2097321308254322990,"Tue, Sep 8, 2026",マイメロちゃん…！？🖤 インドのサンリオ公式（hellokitty.india）で投稿されたパンクファッションのマイメロディがカッコいい…！✨💕 #マイメロディ #サンリオ #推し活 https://t.co/y9drtMRMh5,https://x.com/sanrio_fan_jp/status/2097321308254322990,30400,586,1320,64,4,2,4,114,52,44,11,7,0
266,2088551389752639919,"Sat, Aug 15, 2026","【新発売】sanrio houseからハローキティチャーム第2弾が登場！ アニマル柄をまとったふわふわチャーム（全6種・シークレット1種含むブラインドボックス）🐱 ピンクのミルクパッケージも可愛すぎる…！ 📅8/20(木)発売 🛍️ルミネ新宿2 / ルクア大阪 / オンライン 💰3,850円(税込) #サンリオ #sanrio https://t.co/n5RHnz4aZj",https://x.com/sanrio_fan_jp/status/2088551389752639919,49955,619,4261,116,25,3,0,54,190,256,15,31,0
267,2095627511401205801,"Thu, Sep 3, 2026",【海外グッズ情報】 中国トイブランドMOETCH（萌趣社）より、マグカップに入ったサンリオキャラが可愛いミニフィギュアシリーズ「サンリオキャラクターズ 咔哒碰碰杯系列萌趣豆」が登場！✨ https://t.co/Cmge0oLFxh,https://x.com/sanrio_fan_jp/status/2095627511401205801,25137,344,1927,68,12,1,1,53,28,46,2,2,0
268,2094322485663842717,"Mon, Aug 31, 2026",【しまむら新作情報】 9/2(水)〜全国のしまむら＆オンラインストアにて、サンリオ「スイーツシリーズ」の新作アイテムが登場スイーツ風デザインが可愛いアパレルやバッグ、ポーチ、チャームなど種類豊富！ 店舗＆同日15:00〜オンライン発売 #しまむら #サンリオ #Sanrio https://t.co/fyHbjYMCMm,https://x.com/sanrio_fan_jp/status/2094322485663842717,14248,92,2509,14,5,5,0,6,20,250,10,14,0
269,2098674620891300175,"Sat, Sep 12, 2026",＼大人気販売中！✨／ TOP TOY サンリオ ポチャッコ「旅行日記」シリーズ🥽✈️ 海・陸・空をテーマにしたポチャッコのブラインドボックスフィギュア！ 旅を楽しむ色んなポチャッコを集めたくなるコレクションです♪ 【ここがポイント💡】 ポチャッと可愛いソフビ＆PVC仕様！ https://t.co/Qk6bwnw0Ce,https://x.com/sanrio_fan_jp/status/2098674620891300175,34631,652,3260,112,40,2,0,108,57,356,347,19,0
270,2082130902847725822,"Tue, Jul 28, 2026",【韓国カフェ情報】 新世界百貨店 江南店にオープンした「ポムポムプリンベーカリーカフェ」に行く方へ⚠️ 現在人気が凄まじく、並ぶのはほぼ確実です！ 📌ウェイティング登録は【10:30】からスタート 📌初日はオープン前に受付終了するほどの大盛況 https://t.co/im9SsXfQXt,https://x.com/sanrio_fan_jp/status/2082130902847725822,81192,574,4665,183,34,2,1,107,75,142,0,34,0
271,2096415457347797127,"Sun, Sep 6, 2026",【楽天スーパーセール🟡】アイアップ『サンリオキャラクターズ』グッズがお得！まとめ📝✨ 📍 メタルクリップセット（全9種） ・サイズ：約H67〜75×W21〜35×D2mm ・素材：鉄（ゴールドメッキ加工） ・特徴：高級感のあるデザインで本やノートのブックマークに最適！ 📍 https://t.co/zL99yGVqZR,https://x.com/sanrio_fan_jp/status/2096415457347797127,10212,101,650,19,9,0,0,17,7,76,64,2,0
272,2087864161921601866,"Thu, Aug 13, 2026",【香港サンリオ限定】 Sanrio Gift Gate HKから8月の「夏日シリーズ」新作が登場！🌺🌊 日焼けした小麦肌の麦わら帽子マスコット、マーメイドデザイン、浮き輪に乗ったリゾートキーホルダーなど夏感満載のラインナップ✨ 香港限定デザインに注目です👀 #サンリオ #海外サンリオ #香港限定 https://t.co/s2kkWvzn5E,https://x.com/sanrio_fan_jp/status/2087864161921601866,45378,244,1288,39,16,0,0,38,48,36,4,8,0
273,2074329528017829941,"Tue, Jul 7, 2026",詳細はこちら💁‍♀️ https://t.co/TijHQMYc63,https://x.com/sanrio_fan_jp/status/2074329528017829941,3588,12,1834,11,6,1,0,1,9,1047,764,0,0
274,2099621305767329823,"Mon, Sep 14, 2026",【海外コラボ限定アイテム】 VANWALK × Little Twin Stars ⭐️ミ 中国の人気ブランド「VANWALK」から、リトルツインスターズ（キキ＆ララ）の夢かわコラボバッグコレクションが登場！ ────────────── ✨ 注目アイテムラインナップ ────────────── https://t.co/bBPGFglDMo,https://x.com/sanrio_fan_jp/status/2099621305767329823,117620,2359,17847,519,37,6,1,319,196,357,17,79,0
275,2077308581008032246,"Wed, Jul 15, 2026",国内人気商品＼可愛くて超優秀！サンリオの「マスコット型AC式充電器」🔌⚡️／ コンセントに差すと、まるでキティやクロミがちょこんと座っているように見える、立体フォルムがたまらないACアダプターです！ 可愛い見た目ながら、ガジェット好きも納得の実用スペックを兼ね備えています。 https://t.co/Gi0peNDVFR,https://x.com/sanrio_fan_jp/status/2077308581008032246,5966,37,349,19,3,0,0,7,7,35,30,1,0
276,2099608450745667967,"Mon, Sep 14, 2026",毎日のサ活がもっと楽しくなる！サンリオのキャラサウナハットが可愛すぎて大注目♨️ 耳や帽子モチーフが立体的に再現されていて、被るだけで推しキャラになりきれちゃうデザインが最高…！SNS映えもばっちりです人気✨ https://t.co/bFd8PzRTjZ,https://x.com/sanrio_fan_jp/status/2099608450745667967,16036,145,1385,28,15,1,0,11,10,87,73,0,0
277,2098180030816018617,"Thu, Sep 10, 2026","【海外グッズ情報】 韓国のJOOYEONGから「サンリオキャラクターズ お昼寝フィギュアキーリング」が登場💤 お布団ですやすや眠るキャラクターたちが可愛い全6種！各キーリングにステッカー1枚付き✨ 1個5,000ウォンでランダム発売中🛒 現地の方や渡韓予定の方は是非チェックして見て✨ #サンリオ https://t.co/smsjS1iLbF",https://x.com/sanrio_fan_jp/status/2098180030816018617,48804,403,8270,113,26,4,0,64,59,135,4,15,0
278,2075345383182725344,"Thu, Jul 9, 2026",＼本日7/10(金)から開催スタート！／ 『ご近所物語』×サンリオキャラクターズ POP-UP STORE✨ 矢沢あい先生のオシャレすぎる世界観とサンリオが夢のコラボ！ 本日より有楽町マルイを皮切りに全国4都市で順次開催されます。 ハッピーベリーや、作中の可愛い衣装を着たキャラ達のグッズが勢揃い💖 https://t.co/FaJX1XOfnB,https://x.com/sanrio_fan_jp/status/2075345383182725344,26382,95,4936,33,10,0,0,29,113,393,6,58,0
279,2094990292026003574,"Wed, Sep 2, 2026",【新商品情報】 サンキューマートからメイドコスチューム姿の「クロミ」新作アイテムが登場💜✨ 甘かわな全21アイテムがラインナップ！ もちろんALL 390円（税込429円）のプライスです。 【発売スケジュール】 🟣WEB先行予約：9月3日(木) 12:00〜 🟣店頭販売：10月上旬〜順次入荷 https://t.co/NcMQze5FG6,https://x.com/sanrio_fan_jp/status/2094990292026003574,17549,268,2002,63,12,1,0,53,27,102,45,1,0
280,2084606535439958368,"Tue, Aug 4, 2026",【サンキューマート新作情報】 80〜90年代のレトロな雰囲気がかわいすぎる『サンリオキャラクターズ』コラボ新商品が登場🍒プロの推し活や普段使いにぴったりな全78アイテムがラインナップ！ 全品 390円（税込429円）とプチプラなのも嬉しいポイントです✨ --- 概要 https://t.co/WhWdBz9mul,https://x.com/sanrio_fan_jp/status/2084606535439958368,86322,1027,12998,199,92,1,0,126,116,456,36,44,0
281,2100426800107303098,"Thu, Sep 17, 2026",☁️🩵【 シナモロールパーク開催 】🩵☁️ 東京ドームシティで大型体験イベント「ふわふわんだーシナモロールパーク」が開催決定✨ 幅12mの巨大すべり台や限定グッズ、カフェワゴンも登場！チケットは本日9/17(木)正午〜発売開始です🎟️ 🗓️2026/11/20(金)〜2027/1/17(日) #シナモロール #サンリオ https://t.co/1hR02Vr5mu,https://x.com/sanrio_fan_jp/status/2100426800107303098,545697,7856,50206,2287,660,21,10,1535,769,1275,39,138,0
282,2089868074682069386,"Wed, Aug 19, 2026",詳細はこちら💁‍♀️ https://t.co/wI1y8aIiVc,https://x.com/sanrio_fan_jp/status/2089868074682069386,1583,0,475,0,1,0,0,0,2,177,296,0,0
283,2082479798472077680,"Wed, Jul 29, 2026",極上のモチモチ感に癒やされるヒーロープリンくんをお部屋やバッグにお迎えしたい方はこちらからチェックしてみてね🐾#pr ▼詳細・ご購入はこちらから！ https://t.co/Ar8bJNqpHm,https://x.com/sanrio_fan_jp/status/2082479798472077680,2088,2,242,4,1,0,0,0,0,106,134,0,0
284,2072520694081167578,"Thu, Jul 2, 2026",＼ 人気商品 ／ サンリオコラボのキッズカメラ「ピントキッズ」がかわいすぎる…！🎁 クロミ、シナモン、キティなど全6種のラインナップ。 シリコンカバー付きで壊れにくく、SDカードや首かけストラップも全部付いてくるから届いてすぐにパシャパシャ撮影を楽しめます。 https://t.co/I9jBX915Qc,https://x.com/sanrio_fan_jp/status/2072520694081167578,3944,38,178,8,0,0,1,5,1,3,0,3,0
285,2076992000717652376,"Tue, Jul 14, 2026",＼バースデイにサンリオアイテムが登場！🎀✨／ 7/15(水)よりチラシ掲載コラボグッズが発売開始！ 通園・お出かけ・おうち時間に大活躍のアイテムが勢揃いです。 可愛いセーフティクッションや、ポーチ付きソックス、お弁当パズルなど注目商品ばかり！ぜひお近くの店舗でチェックしてみてね❤️ https://t.co/SzL1g4Xf7C,https://x.com/sanrio_fan_jp/status/2076992000717652376,78215,460,19109,131,47,1,0,41,124,102,6,15,0
286,2082122794226389100,"Tue, Jul 28, 2026",＼マネするだけ！サンリオキャラのイラスト帖✏️🎀／ ハローキティやシナモロール、プリンなど人気キャラの描き順やコツを丁寧に解説✨ イベントや手帳に使える図案や小物など大充実の500点以上を収録！ 絵心がなくても誰でもかんたんに可愛く描けちゃいます💖 詳しくはこちら👇 アマゾン https://t.co/UYhIm6Ck89,https://x.com/sanrio_fan_jp/status/2082122794226389100,51520,883,6868,356,70,3,2,175,62,310,232,3,0
287,2097620537094881423,"Wed, Sep 9, 2026",サンキューマートに「サンリオキャラクターズ」の新作ステーショナリーが登場🎉✨ アクリルメモスタンドやフレークステッカーなど可愛い文具がALL 390円（税込429円）！ 9/11(金)より全国店舗＆公式オンラインで順次発売です🛒 ※フレークステッカーのみ9/18(金)以降順次 #サンキューマート https://t.co/kk6kszw6iF,https://x.com/sanrio_fan_jp/status/2097620537094881423,11003,72,1303,19,4,0,0,12,18,13,1,5,0
288,2096365442847924338,"Sat, Sep 5, 2026",【新商品情報】TOP TOY×サンリオ公式コラボ！ 「ハローキティ＆ディアダニエル ウェディングセレモニーシリーズ」フィギュア ブラインドボックスが登場！✨ https://t.co/KspOLdXNoK,https://x.com/sanrio_fan_jp/status/2096365442847924338,24526,339,2781,58,20,1,0,56,57,195,138,7,0
289,2092136992331243551,"Tue, Aug 25, 2026",【海外イベント情報】 ポムポムプリン30周年記念！韓国・ソウルで「ポムポムプリンのわあーっとマンドゥ」ポップアップ詳細公開🥟 80cm特大ぬいぐるみや餃子クッション、スクイシ、特典ノベルティなど盛りだくさん！ 期間：2026年9/2(水)〜9/27(日) 場所：龍山アイパークモール6階 #ポムポムプリン https://t.co/NC2KXTtekV,https://x.com/sanrio_fan_jp/status/2092136992331243551,167879,806,14201,477,123,7,1,272,131,819,1,41,0
290,2075422411911287030,"Fri, Jul 10, 2026",＼RODEO CROWNS×サンリオコラボ／ 大人気のサンリオコラボに、夏全開の“SUNSET COAST”シリーズが登場夏水着姿のキティやハンギョドン、アパレルから雑貨まで超豪華なラインナップです。 #RODEOCROWNS #サンリオ #RCWB https://t.co/ssKANB0lBb,https://x.com/sanrio_fan_jp/status/2075422411911287030,82741,433,8629,108,30,5,0,50,136,116,4,164,0
291,2082672875195277689,"Thu, Jul 30, 2026",【新商品情報】ウサハナ推し必見！カラフルでポップなデザインが可愛い「ウサハナ」のモバイルアイテムシリーズがグルマンディーズから新登場します！🌼💛 毎日使うスマホまわりのアイテムが、まるごとウサハナ仕様に大変身！持っているだけで気分が上がる、かわいくて実用的なラインナップです。 https://t.co/dz9riu8wxQ,https://x.com/sanrio_fan_jp/status/2082672875195277689,25274,525,3601,106,22,2,0,70,34,367,228,23,0
292,2081669272905093432,"Mon, Jul 27, 2026",📢韓国情報＼ついに明日オープン！詳細まとめ🍮🥖／ 韓国の江南新世界百貨店B1に登場する「ポムポムプリン ベーカリーカフェ」の最新情報です✨ 📅営業案内 ・期間：2026年7月28日(火)〜常設運営 ・時間：平日 10:30~20:00 / 週末&amp;祝日 10:30~20:30 https://t.co/domR1nePUH,https://x.com/sanrio_fan_jp/status/2081669272905093432,1162133,4188,69432,1800,831,15,7,2149,578,3912,3,97,0
293,2077206199041503648,"Wed, Jul 15, 2026",海外新作＼韓国サンリオ公式から超もちもちの新作「低反発リストレスト」が登場！☁️💜／ 長時間のPC作業やゲームを快適にするメモリーフォーム手首パッド✨シナモロール、ポチャッコ、クロミなど立体デザインがデスクを彩ります。裏面は滑り止め付きでズレずに安定！ #サンリオ #デスク周り https://t.co/w66PYwM3Qg,https://x.com/sanrio_fan_jp/status/2077206199041503648,20836,167,1244,36,12,0,0,28,44,42,6,13,0
294,2071801659303616573,"Tue, Jun 30, 2026",海外サンリオグッズ情報 ＼新感覚の可愛さ！ハグするぬいぐるみ／ 手首やバッグにパチンと巻き付くブラインドボックスぬいぐるみLDCX社の「HUGUGU Vol.1」✨ 天使のようなパステルカラーの羽をまとったデザインがたまらないかわいさです👼💖 #サンリオ #ハググ #ブラインドボックス https://t.co/1zSNWr1YXg,https://x.com/sanrio_fan_jp/status/2071801659303616573,6289,57,933,8,2,0,0,7,8,31,0,1,0
295,2081675889067098551,"Mon, Jul 27, 2026",📢「台湾新作情報」台湾🇹🇼のバッグブランド「天藍小舖」からキキ＆ララの新作バッグが登場🍿💫 ポップコーンをテーマにしたデニム調のスクエアバッグで、手提げ＆斜め掛けの2WAY仕様！お顔デザインの可愛いミニポーチ付きで、日常コーデに夢かわいい童心をプラスできます。全2色展開💙 #サンリオ https://t.co/Qpv0ZAryAX,https://x.com/sanrio_fan_jp/status/2081675889067098551,7626,23,511,3,2,0,0,4,9,16,0,5,0
296,2096922173936206317,"Mon, Sep 7, 2026",【海外グッズ情報】 韓国のLocknLockから「サンリオキャラクターズ」コラボアイテムが登場！💖 セラミックタンブラーや収納型ハンドル付きタンブラー、持ち手付きのシリコンジッパーバッグがラインナップ✨ #サンリオグッズ #LocknLock #韓国雑貨 https://t.co/1kC3a34i4B,https://x.com/sanrio_fan_jp/status/2096922173936206317,111314,1477,18526,330,67,4,1,206,224,300,16,229,0
297,2086967169980813571,"Tue, Aug 11, 2026",【新商品情報】 タカラトミーアーツから「サンリオキャラクターズ ツインチャーム おばけごっこ」が登場👻アクリルチャーム 「サンリオキャラ」と「おばけシーツ」のツインチャーム仕様！ 重ねるとシーツを被っているように見える仕掛けが可愛すぎる…！ https://t.co/SQidJ7zg73,https://x.com/sanrio_fan_jp/status/2086967169980813571,10657,92,832,11,7,2,0,14,14,43,27,3,0
298,2090616531797586202,"Fri, Aug 21, 2026",銀座コージーコーナーより、サンリオキャラクターズとコラボレーションした新作ケーキ2種が2026年8月28日(金)から期間限定で発売されます！✨ ◆ラインナップ 1️⃣ ポムポムプリンのプリン風ケーキ ・価格：778円(税込) https://t.co/LML3oqmCh5,https://x.com/sanrio_fan_jp/status/2090616531797586202,28927,373,3176,75,43,2,0,48,25,267,226,12,0
299,2070266813234254179,"Thu, Jun 25, 2026",海外サンリオ情報✨ ＼ドジャース×サンリオのコラボが激アツすぎる💙⚾️／ LAドジャース公式から、ハローキティとその仲間たちの限定コラボマスコットが発表されました！ https://t.co/c9v61nrmW8,https://x.com/sanrio_fan_jp/status/2070266813234254179,37966,538,5548,75,64,6,1,78,52,118,6,20,0
300,2085966467682738454,"Sat, Aug 8, 2026",＼ポムポムプリンのお部屋コーデ3点セット登場🍮✨／ お気に入りのスイーツにはしゃぐポムポムプリンが可愛すぎる！お部屋の印象をガラッと変えられる「布団カバー3点セット（シングル）」が発売中です。 見た目の可愛さはもちろん、使いやすさと肌触りにもしっかりこだわったアイテムです♪ https://t.co/h2YPlJh6Dw,https://x.com/sanrio_fan_jp/status/2085966467682738454,8904,51,725,7,1,0,0,5,12,44,25,1,0
301,2072448228562436566,"Wed, Jul 1, 2026",台湾のアパレルブランド「CACO」から、夏にぴったりなサンリオ＆クレヨンしんちゃんコラボTシャツが登場！✨ https://t.co/FHki8wpZXH,https://x.com/sanrio_fan_jp/status/2072448228562436566,10702,59,655,7,2,0,0,11,7,36,0,0,0
302,2069955850022920290,"Thu, Jun 25, 2026",公式の詳細はこちら💁‍♀️ https://t.co/HI6pQdAVTF,https://x.com/sanrio_fan_jp/status/2069955850022920290,11672,37,4816,27,22,2,0,4,24,2810,1939,0,0
303,2073189352558215674,"Fri, Jul 3, 2026",かわいい💕追加写真 https://t.co/AcgxHTVrRN,https://x.com/sanrio_fan_jp/status/2073189352558215674,1166,1,83,0,0,0,0,0,1,0,0,0,0
304,2100627564415050160,"Thu, Sep 17, 2026",🌟✨💖【 🍎 genten×ハローキティ 初コラボ決定 🍎 】💖✨🌟 レザーブランド「genten」と「ハローキティ」の初コラボレーションアイテムが登場🎉 子どもの頃から大好きだったキティちゃんを、大人になった今の感性で楽しむ上質な革小物が誕生しました本革✨ https://t.co/bScfATw8ku,https://x.com/sanrio_fan_jp/status/2100627564415050160,55167,667,9444,156,20,3,0,82,77,804,795,34,0
305,2096360831734984728,"Sat, Sep 5, 2026",【海外新商品情報🇨🇳】 中国のトイブランド・萌趣社（MOETCHA）より、ハローキティの「彩虹梦游记系列 戒指手表」が登場！✨ 指輪と腕時計が一体化した「リングウォッチ（指輪腕時計）」となっており、Y2K感あふれるレトロ＆ポップなデザインが魅力的です。 https://t.co/Vr2mlwFCMA,https://x.com/sanrio_fan_jp/status/2096360831734984728,58458,251,4092,59,4,0,0,33,39,48,3,8,0
306,2072246744877040025,"Wed, Jul 1, 2026",海外グッズ情報✈️ 香港サンリオにアメリカ版レインコートデザインの新作ぬいぐるみが登場！ ドット柄のレインコートを羽織ったレトロで可愛い海外限定シリーズです☔️ 大きなぬいぐるみは小さな傘を持っていて、キーチェーン仕様のマスコットはフードにリボンがついたお出かけにぴったりのデザイン。 https://t.co/QxJRovjW9I,https://x.com/sanrio_fan_jp/status/2072246744877040025,3893,38,322,7,0,0,0,7,12,55,0,0,0
307,2099889989094191108,"Tue, Sep 15, 2026",🌟🍔【 👑 海外バーガーキングで！？ 🍔 】🌟 海外(アメリカ？)のバーガーキングで「ハローキティ＆フレンズ」コラボが10月に開催されるとの噂が急浮上中…！？👀✨ バーガーキングの王冠をかぶったキティやクロミ、レアなゴールドキティまで👑💛✨ #サンリオ #ハローキティ #バーガーキング https://t.co/5CGq9Q9iUx,https://x.com/sanrio_fan_jp/status/2099889989094191108,23714,629,1441,84,33,2,8,85,40,84,3,7,0
308,2084406812883964377,"Mon, Aug 3, 2026",【書籍情報】 レトロサンリオの魅力を凝縮した決定版書籍『'70s &amp; '80s サンリオのデザイン Sanrio Design The '70s &amp; '80s』🍎✨ https://t.co/Pq86pfOese,https://x.com/sanrio_fan_jp/status/2084406812883964377,48678,424,8370,120,19,2,0,37,38,322,264,9,0
309,2099863293502665000,"Tue, Sep 15, 2026",🌟✨💖【 💛 ポムポムプリン30周年記念 💛 】💖✨🌟 サンリオキャラクターズ「ポムポムプリン」のデビュー30周年を記念して、オリジナル限定デザインの『ポムポムヒーローマスコット』がぴあ株式会社より本日9月15日発売🎉💛✨ 💛✨💛✨💛✨💛✨💛 🎁【 豪華セット内容 】 🛍️ フロッキーマスコット https://t.co/G6snZCXUdU,https://x.com/sanrio_fan_jp/status/2099863293502665000,12296,140,904,16,15,0,0,14,24,60,51,4,0
310,2070793785983046139,"Sat, Jun 27, 2026",かわいい〜😍😍 全12種のキティ指輪 https://t.co/c8qNb7zKeR,https://x.com/sanrio_fan_jp/status/2070793785983046139,18634,220,2622,31,2,0,0,20,36,22,2,0,0
311,2085944563324293516,"Sat, Aug 8, 2026",サンリオの新作「オーロラ立体シール」が可愛すぎて優勝…！🥺💖✨ オーロラ加工でツヤっと輝くぷっくり立体シールと、キラキラのラメシールがセットになってるの！ ウサハナやシュガーバニーズがいるのも胸熱すぎる😭👏 https://t.co/g7oowGaPnd,https://x.com/sanrio_fan_jp/status/2085944563324293516,29560,201,4060,35,5,0,0,15,45,322,165,4,0
312,2100919268082610451,"Fri, Sep 18, 2026","🌟💖【 🔴 海外グッズ情報 🔴 】💖🌟 韓国セブン-イレブン×ハローキティの新作コラボ商品が登場！✨ 可愛さと実用性を兼ね備えた注目のラインナップです💖 💖✨💖✨💖✨💖✨💖✨💖 【 🛍️ 商品ラインナップ 】 💳 テンクス ハローキティ マグネットカード財布セット 価格：29,900ウォン 📱 https://t.co/9A8iWR4QTl",https://x.com/sanrio_fan_jp/status/2100919268082610451,7666,83,486,10,0,0,0,11,13,13,2,5,0
313,2086954548082757786,"Mon, Aug 10, 2026",「にっこり〜ノ」×「サンリオキャラクターズ」のコラボ🎀 ポムポムプリンやマイメロディ、クロミたちがにっこり顔フードをかぶった激かわデザイン✨ 詳細は順次公開予定！続報を楽しみに待ちましょう♪ #サンリオ #にっこりーノ #推し活 https://t.co/CvMFLR98DL,https://x.com/sanrio_fan_jp/status/2086954548082757786,48663,439,2409,47,18,0,0,44,129,30,1,32,0
314,2099680140024545466,"Tue, Sep 15, 2026",モーリーファンタジー限定「サンリオキャラクターズ シルバーシリーズ」が9/18(金)〜順次登場✨ シルバーウィークに合わせたスタイリッシュなシルバーカラー仕様🩶フェイスマスコット＆頭の後ろに収納できるがま口ポーチの全2アイテム（各6種）！GETしてみてね♪ #サンリオ #クレーンゲーム https://t.co/Ml59mBMtcF,https://x.com/sanrio_fan_jp/status/2099680140024545466,4439,19,193,4,0,0,0,3,8,69,3,0,0
315,2083455361521172549,"Sat, Aug 1, 2026",アイピーフォーのサンリオ新作カプセルトイが8月発売予定✨ はぴだんぶいのクリーナーポーチ、キティのバッグ＆巾着、ニャニィニュニェニョンのラメミラー、プリンのネックストラップと豪華なラインナップ！早いところはもう導入されてるかも⁉各400円。 #サンリオ #ガチャガチャ #新作ガチャ https://t.co/i9ACo38g8J,https://x.com/sanrio_fan_jp/status/2083455361521172549,26938,95,3982,28,11,3,0,11,28,92,5,32,0
316,2100189207776067680,"Wed, Sep 16, 2026",🌟💖【 海外グッズ情報 】💖🌟 香港のUJI Beddingからサンリオの新作寝具＆インテリアが登場！✨ ポムポムプリン・ウサハナ・シナモロールの癒やしアイテムが勢揃い🍮🌸☁️ 🗓️販売期間：9/17(水)〜10/7(水) 🛍️取扱：千色Citistoreほか #SanrioHK #サンリオ #UJIbedding https://t.co/KxIyuhsJX8,https://x.com/sanrio_fan_jp/status/2100189207776067680,5896,45,309,8,4,0,0,5,5,10,2,4,0
317,2095770199601618946,"Fri, Sep 4, 2026",アベイル（Avail）から「ハローキティ ギャルシリーズ」の新作アイテムが登場！💖✨ ヒョウ柄、ゼブラ柄、カウ柄などギャル気分を盛り上げるアニマル柄デザインが盛りだくさん🐆🦓🐄 お部屋や身の回りをギャルキティで可愛く彩れるラインナップです🎀 🗓️ 発売日 2026年9月5日（土） 🛍️ https://t.co/1iHiQVvJjf,https://x.com/sanrio_fan_jp/status/2095770199601618946,8753,65,1118,8,1,0,0,17,13,35,4,3,0
318,2095733132096094692,"Fri, Sep 4, 2026",炭酸飲料「ポッピンサイダー」の新ブランドライン「キャプトイ」第1弾として、サンリオキャラクターズとのコラボ商品が登場決定！🍹✨ 日本の銭湯をモチーフにした「ほかほかタイム」では、ピンクの風呂桶にすっぽり収まった可愛いフィギュアが全6種類ラインナップされています♨️ https://t.co/iT17Zp2Kr7,https://x.com/sanrio_fan_jp/status/2095733132096094692,4770,36,240,4,0,0,0,1,6,63,0,2,0
319,2095794004227235951,"Fri, Sep 4, 2026",ポムポムプリン 30周年記念グッズが100円ショップにて順次発売中！🍮✨ プリンやお友達のキャラクターがたくさん描かれた「マジカルプリン」シリーズが登場です💖 🛒 商品ラインナップ 【100円商品】 ・シール マジカルプリン (JAN: 4573630332088) ・ポケット付きキーホルダー マジカルプリン https://t.co/W5biSHZiPb,https://x.com/sanrio_fan_jp/status/2095794004227235951,74766,1232,15075,363,100,2,0,164,113,410,28,28,0
320,2075410113092063617,"Fri, Jul 10, 2026",ポムポムプリン30周年記念ムックの付録「ふわもちおしりクッション」、おしりのしるし再現度が高すぎてファンなら絶対確保したいやつですね…！😭しかも腕を通して枕にできるとか実用性も高すぎる！ https://t.co/wdgcdl10P4,https://x.com/sanrio_fan_jp/status/2075410113092063617,30484,428,2667,52,33,2,1,72,34,358,333,8,0
321,2076513961051349335,"Mon, Jul 13, 2026",ポムポムプリンのデビュー30周年を記念したオリジナル限定デザイン！「ポムポムヒーローマスコット」が2026年9月9日(水)に発売決定＆予約受付スタートしました！🐶🐾 https://t.co/oLTv2XVu6f,https://x.com/sanrio_fan_jp/status/2076513961051349335,15853,226,1976,46,6,2,0,30,23,189,196,6,0
322,2089348845998399987,"Mon, Aug 17, 2026",【しまむら新作】8月19日(水)よりハローキティの便利グッズが登場🎀 お買い物バッグや収納ケース、ペットボトルホルダーなど日常で大活躍するアイテムがずらり！ 📅店舗＆オンライン（15:00〜）で発売 #ハローキティ #しまむら #しまむら購入品 #サンリオ https://t.co/VwMT8qEFuz,https://x.com/sanrio_fan_jp/status/2089348845998399987,4975,11,306,2,1,0,0,2,8,49,9,5,0
323,2100571587678548141,"Thu, Sep 17, 2026",🌟✨💖【 🎀 ゼブラ×サンリオキャラクターズ 🎀 】💖✨🌟 ストレスフリーな書き心地で大人気の「ブレン」から、とっても可愛いサンリオキャラクターズデザインが数量限定で本日発売されました🎉🛍️✨ https://t.co/iEojkIuOgJ,https://x.com/sanrio_fan_jp/status/2100571587678548141,4590,18,246,4,1,0,0,1,2,19,13,1,0
324,2089527220285182025,"Tue, Aug 18, 2026",＼8月19日(水)〜スシロー x ハローキティコラボ第2弾開催！🎀／ 注目のノベルティ＆グッズラインナップ✨ ・コラボシール（全8種/キラキラ仕様） ・コラボクリアピック（全8種） ・コラボマスコット（全4種/シークレット1種） ・コラボミニチャーム（全4種/約3cm） https://t.co/fYq4k3SXjg,https://x.com/sanrio_fan_jp/status/2089527220285182025,47755,174,2715,44,21,1,0,21,24,139,0,6,0
325,2097796855744835862,"Wed, Sep 9, 2026",Rolife（ロボタイム）より「サンリオ ミニチュアハウスシリーズ」が販売中✨ 道具不要で組み立てられる、片手サイズの小さくて可愛いミニチュアハウスキットです✨ https://t.co/GGdYGC3yVL,https://x.com/sanrio_fan_jp/status/2097796855744835862,5735,65,220,9,2,0,0,11,5,12,8,2,0
326,2080547735359599079,"Fri, Jul 24, 2026",詳細はこちら💁‍♀️ https://t.co/NV65wwpdAd,https://x.com/sanrio_fan_jp/status/2080547735359599079,1015,3,117,2,0,0,0,0,3,64,47,0,0
327,2069795502460469751,"Wed, Jun 24, 2026",極楽極楽〜😆💕 https://t.co/lt1RceDlMf,https://x.com/sanrio_fan_jp/status/2069795502460469751,991,2,54,2,0,0,0,1,1,6,0,0,0
328,2091030044084990123,"Sat, Aug 22, 2026",サンリオ新商品発売情報✨ 🎉8/26(水)発売 ・SANRIO GIRLS' TENNIS CLUBシリーズ ・キッズ長袖パジャマ/トレーナー ・大人用トレーナー（短め丈カレッジ風） 🎉8/27(木)発売 ・あの頃のポムポムプリンデザインシリーズ オンラインは各日10:00〜！楽しみですね💖 #サンリオ #ポムポムプリン https://t.co/QprpJJN5ij,https://x.com/sanrio_fan_jp/status/2091030044084990123,10497,24,1190,7,1,0,0,1,20,190,0,2,0
329,2095013529401327943,"Wed, Sep 2, 2026",【新グッズ情報】 森本産業から、マグネットタイプのキーリングアイテム「ぺたきゃら」シリーズが登場🔑✨ マグネットフレーム＆マグネット内蔵のキャラクターパーツが、鉄製の玄関ドアや壁にペタッとくっつきます！ 「ただいま」と一緒に戻せば、玄関での鍵の迷子防止にもぴったり◎ https://t.co/UtMG2ipPAW,https://x.com/sanrio_fan_jp/status/2095013529401327943,39299,89,7347,35,0,3,0,3,27,91,49,4,0
330,2094748145737674917,"Tue, Sep 1, 2026",【海外イベント情報】 韓国・ロッテワールドアクアリウムにて「サンリオキャラクターズ マーメイドパーティ」が開催予定🧜‍♀️🪸 マーメイド姿になったサンリオキャラクターたちが登場します！ 📅開催期間：2026.09.04(金)〜11.29(日) #サンリオ #韓国旅行 #海外イベント情報 https://t.co/8wGtvhEQCh,https://x.com/sanrio_fan_jp/status/2094748145737674917,47404,354,1449,55,16,2,2,63,26,56,0,5,0
331,2075424039577977305,"Fri, Jul 10, 2026",＼サンリオの素敵な社会貢献活動／ サンリオが日本赤十字社医療センターの小児病棟エリア全体を対象に、全23キャラクターを用いた温かい空間づくりを実施✨ 「おさんぽ＆おでかけ」などをコンセプトに描き下ろされたデザインが、入院中の子どもたちの不安を和らげますね🥹 詳細👇 https://t.co/TgtG2lOZdS,https://x.com/sanrio_fan_jp/status/2075424039577977305,32812,518,4490,57,16,0,0,68,50,163,227,8,0
332,2069972551204487521,"Thu, Jun 25, 2026","＼🍓Maison de FLEUR × My Sweet Piano🍓／ 7月6日のマイスウィートピアノのお誕生日を記念した、特別コラボアイテム全5種が新登場🎀 淡いピンクのツイード生地や、いちご頭巾をつけた愛らしいピアノちゃんのデザインに注目です。 🛍️ラインナップ（全て税込） ・フリルバッグS：￥8,000 https://t.co/dkUD22AZl1",https://x.com/sanrio_fan_jp/status/2069972551204487521,12662,236,1454,38,6,0,0,19,20,27,0,9,0
333,2098433850313715813,"Fri, Sep 11, 2026",【限定コスメ情報】 オーガニックスキンケアブランド「チャントアチャーム（chant a charm）」の大人気アイテム「クレンジングミルク」から、マイメロディのスペシャルコラボデザインが数量限定で登場！🌸✨ https://t.co/R7fDbBm50R,https://x.com/sanrio_fan_jp/status/2098433850313715813,5073,54,133,7,1,0,0,6,5,9,2,4,0
334,2091742983943287233,"Mon, Aug 24, 2026",【新商品情報】 サンリオキャラクターズ × イラストレーター林朋子（TOMOKO HAYASHI）の初コラボステーショナリーが登場🎀 大人可愛いデザインのレターやマスキングテープなどがラインナップ！ 📅8/29(土)〜10/16(金)「文フェス 2026AUTUMN」 📍全国のロフト・ロフトネットストア #サンリオ https://t.co/M1PsE3SiyA,https://x.com/sanrio_fan_jp/status/2091742983943287233,30644,712,2117,122,16,2,0,113,173,163,7,70,0
335,2077931494421725324,"Fri, Jul 17, 2026",詳細はこちら💁‍♀️ https://t.co/K3YtS7VExp,https://x.com/sanrio_fan_jp/status/2077931494421725324,1227,4,79,2,0,0,0,0,0,32,43,0,0
336,2101261927179792397,"Sat, Sep 19, 2026",🌟💜【 🖤 新作プライズ登場 🖤 】💜🌟 サンリオキャラクターズから「おおきなSOFVIMATES クロミ〜Halloween ver.〜」が順次登場中🎃✨ ハロウィンのおめかしをした約15cmの存在感抜群なクロミ様ソフビフィギュア😈💜いたずらな表情がたまらなく可愛い！ #クロミ #サンリオ #プライズ https://t.co/G0tXlFhoqC,https://x.com/sanrio_fan_jp/status/2101261927179792397,5823,216,450,13,6,1,0,19,16,12,4,1,0
337,2082466055000125550,"Wed, Jul 29, 2026",【海外最新グッズ】🇹🇼台湾の「KHTOY」から、サンリオキャラクターズの新作「雲朵趴姿吊飾（雲のうつ伏せマスコットキーチェーン）」が発表されました！ まるで雲のようなふわふわ・もこもこのやわらかい質感と、ちょこんと小さく縮んでうつ伏せになったポーズがとにかく愛らしいコレクションです☁️✨ https://t.co/Etnpe5UZgL,https://x.com/sanrio_fan_jp/status/2082466055000125550,8253,78,523,9,4,0,0,11,11,30,0,0,0
338,2097800459125989542,"Wed, Sep 9, 2026",【海外グッズ情報】 HOLLY BOXより、サンリオキャラクターズの新作チャーム「元气水果可爱挂件（元気フルーツ可愛いチャーム）」が登場！ フルーツのおうち（ハウス）とサンリオキャラのフィギュアがセットになった、夏にぴったりのカラフルなバッグチャームです。 【ポイント】 https://t.co/FLILd7PI6f,https://x.com/sanrio_fan_jp/status/2097800459125989542,9013,64,786,17,2,0,0,14,10,9,0,1,0
339,2094547382512112054,"Mon, Aug 31, 2026",【ドン・キホーテ限定】 クロミ＆シナモロールのサブカル系シリーズに新作アパレルが登場🖤🩵 おまけとしてノベルティの「オリジナルハンガー」が付いてきますプロモーションアイテム✨ 🗓発売日：9月12日(土)より順次発売 📍取扱店舗：全国のドン・キホーテ対象店舗 👕サイズ：レディース M / L https://t.co/deLhFxB3gu,https://x.com/sanrio_fan_jp/status/2094547382512112054,48308,817,7313,241,50,15,1,152,78,161,5,11,0
340,2071431445042847996,"Mon, Jun 29, 2026",＼池袋でクロミに会える！🖤✨／ 7月4日(土)に「ヤマダデンキLABI池袋本店」でクロミのキャラクターグリーティングが開催されます！ 一緒に記念写真が撮れるチャンス📸 参加には整理券が必要なので、お出かけ予定の方は配布時間を事前にチェックしておきましょう👇 #サンリオ #クロミ #推し活 #池袋 https://t.co/j7xhuBPOGo,https://x.com/sanrio_fan_jp/status/2071431445042847996,46370,679,2465,130,50,5,1,128,347,154,4,45,0
341,2077523241380515860,"Wed, Jul 15, 2026",＼中国限定🇨🇳サンリオ最新グッズがシュール可愛い！🐟✨／ ESTAR CULTURE（百星瑞）から「KIRIMIちゃん.（切片妞）」の新作マスコット＆ミニバッグが登場！ 🍮マスコットはおにぎりやプリン、ラーメン等とコラボ（全7種） https://t.co/Jl6pcI2czx,https://x.com/sanrio_fan_jp/status/2077523241380515860,85518,1138,9692,237,105,4,0,326,216,446,12,62,0
342,2073195207496220689,"Sat, Jul 4, 2026",＼海外サンリオ情報／ 中国のTOP TOYにて、ハローキティ最新作「海へ行こうシリーズ」が順次中国全店舗でリリース中✨ 小麦肌が可愛い腕時計やマスコット等は7月3日より既に発売されていますが、シリーズ内の「光動楽（光る玩具・ギミック系）」は【7月12日】から追加で順次発売となるようです！ https://t.co/cLiy1SDBQe,https://x.com/sanrio_fan_jp/status/2073195207496220689,6693,62,954,15,2,0,0,15,6,22,0,3,0
343,2072221409775096236,"Wed, Jul 1, 2026",【サンリオガチャ再販】夢屋の大人気カプセルトイ2大アイテムが2026年10月に一挙再販決定！ 大好評の「クロミ ぬいぐるみポシェット2」と、ふわふわ仕様の「シナモロール ぬいぐるみボールチェーン2」が再びガシャポンに登場します。 価格：各500円(税込) 発売：2026年10月予定 https://t.co/iF3PM3vTzT,https://x.com/sanrio_fan_jp/status/2072221409775096236,18847,414,2105,51,10,0,0,54,18,49,0,0,0
344,2085205128223838314,"Thu, Aug 6, 2026",詳細はこちら💁‍♀️ https://t.co/ejqfzoxse9,https://x.com/sanrio_fan_jp/status/2085205128223838314,1956,1,302,0,1,0,0,0,3,146,152,0,0
345,2082991641082958239,"Fri, Jul 31, 2026",詳細はこちら💁‍♀️ https://t.co/yt4jbz6gzK,https://x.com/sanrio_fan_jp/status/2082991641082958239,1083,2,44,0,1,0,0,0,0,19,23,0,0
346,2082343328285327628,"Wed, Jul 29, 2026","🇹🇼台湾くら寿司×サンリオ限定イベントが豪華すぎる！ 8/7から始まる「サンリオファミリー盛夏イベント」の全貌をまとめました。 イベント①：豪華グッズ購入特典（各波15,000個限定） 800元以上消費＋追加料金でゲット！ ●第1波（8/7〜）：トラベル収納バッグ（クロミ／プリン）＋499元 https://t.co/qM2payx9lK",https://x.com/sanrio_fan_jp/status/2082343328285327628,17631,46,839,3,5,0,0,6,10,31,0,1,0
347,2101260981599121794,"Sat, Sep 19, 2026",🌟💖【 💛 注目サンリオグッズ情報 💛 】💖🌟 ✨💛✨💛✨💛✨💛✨💛✨ デスクにあるだけで癒やされる…！ 「オーバンド ポムポムプリン缶」🍮✨ ✨💛✨💛✨💛✨💛✨💛✨ レトロでかわいいブリキ缶の中に、ポムポムプリンカラーのシリコーン製輪ゴムがぎっしり入った大人気アイテムです💛 https://t.co/0I6t8J8yD3,https://x.com/sanrio_fan_jp/status/2101260981599121794,31878,517,4126,101,25,1,0,61,31,355,367,7,0
348,2075432813088936242,"Fri, Jul 10, 2026",Amazonで販売中のRazerとサンリオコラボ商品をまとめてみました。リンクはこちら🔗#pr https://t.co/EIHXjAvwcd,https://x.com/sanrio_fan_jp/status/2075432813088936242,14697,41,7284,30,15,2,0,6,27,2384,4813,11,0
349,2087472771081314713,"Wed, Aug 12, 2026",【ガチャガチャ新商品】 「サンリオキャラクターズ ミニチュアおめんコレクション -うさぎさん-」が2026年8月発売！🐰✨ ゴムひも＆ボールチェーン付きでぬい付けにもピッタリなミニチュアおめん全8種（1回400円）です！ #サンリオ #ガチャガチャ #ベネリック https://t.co/sxeQKCEqFo,https://x.com/sanrio_fan_jp/status/2087472771081314713,21689,440,1023,59,17,0,0,87,30,26,6,14,0
350,2099872191806648804,"Tue, Sep 15, 2026",🌟✨🎃【 💜 サンリオ×ハロウィン新作 💜 】🎃✨🌟 フリュー（FuRyu かわいい研究所）から、ハロウィン仮装が可愛すぎる「サンリオキャラクターズ ぺたんこ着ぐるみマスコット〜ハロウィン〜」がアミューズメント施設に登場中🎉👻🖤 💜✨🎃✨💜✨🎃✨💜 🍬【 アイテム詳細 】 🛍️ https://t.co/aw1dLZFuoA,https://x.com/sanrio_fan_jp/status/2099872191806648804,63374,1052,7457,171,61,0,0,171,77,237,5,15,0
351,2100149805465075905,"Wed, Sep 16, 2026",☁️✨💙【 ELASTINE × シナモロール 初コラボ 】💙✨☁️ 韓国の大人気ヘアケアブランド「ELASTINE（エラスティン）」から、シナモロール限定デザインの「PROTEIN REPAIR 10000+」シャンプー＆トリートメントペアセットが登場！🎉✨ https://t.co/wK6elNVQzF,https://x.com/sanrio_fan_jp/status/2100149805465075905,3748,18,93,0,1,0,0,3,1,8,1,0,0
352,2072530207295328467,"Thu, Jul 2, 2026",海外グッズ情報 CASEBANGとキティ コラボスマホケース 💕かわいい〜 https://t.co/RfO742AIM0,https://x.com/sanrio_fan_jp/status/2072530207295328467,82421,650,14796,103,9,0,0,36,70,64,1,0,0
353,2089137961086697738,"Sun, Aug 16, 2026",【ガチャ情報】ポムポムプリン ぼくのだ〜いすき！たからもの ネックストラップコレクション🍮✨ デビュー30周年の思い出が詰まったゲーム風ドット絵デザイン🎮 ストラップ部分にはマフィンやスコーンたち「チームプリン」も大集合！ 💡ポイント ・スマホホルダータグ＋Wナスカン仕様 https://t.co/t9HPL2KUhG,https://x.com/sanrio_fan_jp/status/2089137961086697738,41488,425,4182,70,31,0,0,61,35,95,16,8,0
354,2072454490117337487,"Wed, Jul 1, 2026",【海外グッズ情報】サンリオ×Klass Vough ブラジルのビューティーブランド「Klass Vough」から、クロミにインスパイアされた限定ビューティーアクセサリーコレクションが登場！💜 https://t.co/cSTdaDaEKs,https://x.com/sanrio_fan_jp/status/2072454490117337487,6318,153,768,8,3,0,0,15,7,8,0,0,0
355,2101859666636783974,"Mon, Sep 21, 2026",🌟💖【 💛 リーメント新作💛 】💖🌟 本日9月21日発売！リーメントから「ポムポムプリン ぬくもりおうち時間」が登場ッッ🍮✨ 温かいお部屋でぬくぬく過ごすプリンたちのミニチュアフィギュア（全8種）です！箱買い特典でジオラマも作れちゃう📦✨ 楽天でチェックする🛒 https://t.co/hE2aBPHAHY https://t.co/zfcMpEM3mA,https://x.com/sanrio_fan_jp/status/2101859666636783974,2904,24,150,1,1,0,0,3,2,7,6,0,0
356,2083076179612094495,"Fri, Jul 31, 2026",詳細はこちら💁‍♀️ https://t.co/gtsRMpyzZW,https://x.com/sanrio_fan_jp/status/2083076179612094495,1491,3,90,1,0,0,0,0,2,38,47,0,0
357,2080062372660879676,"Wed, Jul 22, 2026",＼ブルーロック×サンリオキャラクターズの和服姿アイテムが期間限定で郵便局ネットショップ発売決定！⚽️和×キュートの奇跡の融合✨／ 📌 グッズの見どころ＆注目ペア ・潔世一 × ハローキティ ・蜂楽廻 × ポムポムプリン ・凪誠士郎 × シナモロール ・御影玲王 × クロミ ・千切豹馬 × マイメロディ https://t.co/JST6o4jXgM,https://x.com/sanrio_fan_jp/status/2080062372660879676,12073,62,274,11,2,1,0,18,23,12,0,0,0
358,2079910514113785873,"Wed, Jul 22, 2026",＼Amazonセール情報📢／ シナモロールの「水色クローバーシリーズ」が一部お得！ステッカーセットがなんと驚きの43%OFF・550円にプライスダウン中✨ぬいぐるみやバッグも残りわずかです🥺爽やかな水色クローバーが可愛すぎる！ アマゾン https://t.co/Ukax7yrEiu #シナモロール #Amazonセール https://t.co/f9MvQLEQob,https://x.com/sanrio_fan_jp/status/2079910514113785873,14176,241,1739,44,9,1,0,26,25,206,253,8,0
359,2077251195274678764,"Wed, Jul 15, 2026",＼ポムポムプリンのぬいぐるみチャーム第2弾が登場！🍮✨／ 夢屋からカプセルトイ「ポムポムプリン ぬいぐるみチャーム2」が7月より発売スタート！王冠やお花、チェック柄、そして可愛い「おしり」の全4種（各400円）。たくさんつなげてバッグやポーチに飾っちゃおうチャーム付きカプセルトイです🛍️ https://t.co/T68qK0V09O,https://x.com/sanrio_fan_jp/status/2077251195274678764,98497,2502,5292,333,182,8,0,361,93,172,23,23,0
360,2096959607457612222,"Mon, Sep 7, 2026",立体的なキャラクターシルエットがインパクト抜群！ サンリオキャラクターズの「ダイカットマグ」が登場中☕️✨ 置いておくだけでお部屋やデスク周りがパッと華やかになるかわいさ♡ 大容量なので、普段の飲み物はもちろんスープマグとしても大活躍します！ペン立てとして使うのもおすすめ📝 https://t.co/8knt2c36W9,https://x.com/sanrio_fan_jp/status/2096959607457612222,13933,142,1344,36,4,0,0,24,21,79,80,2,0
361,2071956623829119360,"Tue, Jun 30, 2026",https://t.co/8UnvmYZUTP,https://x.com/sanrio_fan_jp/status/2071956623829119360,1387,7,195,1,0,0,1,1,1,0,0,0,0
362,2075186950282309851,"Thu, Jul 9, 2026",香港限定のポムポムプリン「百變穿搭（お着替え）シリーズ」が可愛すぎて😭あたまの上のマカロンが別の帽子になってたり、お洋服のバリエーションが天才すぎる…！ 中環のSanrioworld+限定で、なんとフロア全体がプリンくんの「お気に入りの靴屋さん」仕様のショップになるらしい 👟✨ https://t.co/xXi2ipSpfF,https://x.com/sanrio_fan_jp/status/2075186950282309851,26848,363,3338,67,33,1,1,79,32,87,3,6,0
363,2076624212706365613,"Mon, Jul 13, 2026",＼海外情報🍦✨／ アートトイブランド「TOP TOY」から、サンリオキャラクターズの新作ブラインドボックスが登場！ キャラクターたちが夏にぴったりな可愛いアイスクリームコーン型マスコットになりました。 https://t.co/8gVI1qFugR,https://x.com/sanrio_fan_jp/status/2076624212706365613,338419,629,9309,205,63,7,0,139,86,379,8,55,0
364,2101916739777011829,"Mon, Sep 21, 2026",💖✨【 手帳デコに便利！サンリオ限定デコラッシュ 】✨💖 PLUS「デコラッシュ」からサンリオキャラクターズのハートケースセットが登場中セット🌸 キャラ別のテープ2個に、スタッキングできるハート型ケース付きハート 手帳やカードをサッと可愛くデコれるよ📝 楽天でチェックする🛒 https://t.co/nC2T2V5gLe,https://x.com/sanrio_fan_jp/status/2101916739777011829,1856,13,158,2,2,0,0,2,0,7,2,0,0
365,2089922626609455542,"Wed, Aug 19, 2026","【新商品・予約開始】 TEAM JAPAN公式ライセンス商品「TEAM JAPAN×ポムポムプリン」第1弾の先行受注が本日よりスタート！🍮✨ TBSショッピングにて【8月31日(月)まで】受注受付中！ 📍ラインナップ ・メダルぬいぐるみ：4,950円（税込） ・メダルマスコット / 応援マスコット：各2,970円（税込） https://t.co/thNmTcdVA9",https://x.com/sanrio_fan_jp/status/2089922626609455542,18748,262,2543,64,34,3,0,39,39,106,1,26,0
366,2069759613181042986,"Wed, Jun 24, 2026",キラキラウィッシュデザインシリーズ欲しい✨ Amazonでも売ってたけど一部売り切れだった🥹 残り少ない見たいから早めにチェックしてね💕 https://t.co/cNG04qc6TF #サンリオ #キラキラウィッシュデザインシリーズ #pr https://t.co/Z2e8kptT4l,https://x.com/sanrio_fan_jp/status/2069759613181042986,15818,163,3386,23,1,0,0,16,18,198,163,26,0
367,2093503473145028667,"Sat, Aug 29, 2026",サンリオキャラクターズの鳴き笛付きキューブペットトイがAS KNOW AS plusから登場🐶🎲キティやプリンなど人気キャラ全6種🍎噛むと音が鳴る＆サイコロ型で転がして遊べます🎶 9/2(水)10:00〜一部店舗発売 9/11(金)18:00〜ZOZO、楽天 各税込990円✨ #サンリオ #ASKNOWASplus #ペット用品 https://t.co/WknCiXZwOV,https://x.com/sanrio_fan_jp/status/2093503473145028667,6373,71,288,9,0,0,0,5,3,4,1,1,0
368,2079915426994327588,"Wed, Jul 22, 2026",＼【香港限定】遠征・旅行の救世主！クロミの「パープルグレー」トラベルシリーズ新登場！✈️💜／ 大人っぽいパープルとグレーの格子柄がオシャレな、実用性抜群のクロミ新作トラベルグッズが香港限定でリリースされました！ https://t.co/o4SWthvOoJ,https://x.com/sanrio_fan_jp/status/2079915426994327588,15625,158,1519,30,6,2,0,20,33,50,0,6,0
369,2077197706259579253,"Wed, Jul 15, 2026",海外新作情報＼7/17発売！TOUTOU×ハローキティの七夕限定バケツバッグが大人可愛くて優秀すぎる🎀／ 中国の人気バッグブランド「TOUTOU」からキティちゃんコラボの新作が登場✨ 高見えする白いバケツバッグと、イヤホンケースになるミニポーチの豪華セットで写真映えも抜群です！ #TOUTOU https://t.co/0C3zxixD3d,https://x.com/sanrio_fan_jp/status/2077197706259579253,15848,117,1701,29,1,1,0,9,22,16,2,14,0
370,2085389547890937931,"Thu, Aug 6, 2026",8月発売＼リーメントからサンリオ新作登場🍮🩷／ ポムポムプリンの「Get ready with Me」とお出かけ準備をするミニフィギュアと、全36種から4個当たる「くじポン！ マイメロディ」が2026年8月24日に同時発売✨ 引き出し付きや色んな素材のミニフィギュアで可愛さ満点です🎀 楽天でチェックする🛒 https://t.co/LMgdTRvwYj,https://x.com/sanrio_fan_jp/status/2085389547890937931,74856,970,11266,175,53,2,0,123,50,308,188,10,0
371,2099261131751858614,"Sun, Sep 13, 2026",【好評販売中】スケーター サンリオキャラクター マスコット入りドリンクボトル 🍼✨ ボトルの中にマスコットが収まったキュートなドリンクボトル。マスコットを取り出してチャームとしても使える人気アイテムです。 ◆ 商品のPoint 1. 2WAY仕様：マスコットはボールチェーン付きで単体利用OK 2. https://t.co/JYqxl0a5gO,https://x.com/sanrio_fan_jp/status/2099261131751858614,24841,450,2449,70,11,0,0,61,23,143,80,5,0
372,2101903952631755200,"Mon, Sep 21, 2026",🌟💖【 🩵 海外グッズ情報 🩵 】💖🌟 AREA X mini×サンリオの「雲端星堡」好評販売中✨ ふわふわボア＆星型ライト付き☁️🌟 ポムポムプリン・シナモン・ハンギョドンが可愛いお城ブロックライトに🏰💖 充電式＆両面デザイン仕様です充電🔋 #サンリオ #海外グッズ #ブロック https://t.co/i1acrP6gJs,https://x.com/sanrio_fan_jp/status/2101903952631755200,1642,8,88,4,0,0,0,3,2,0,1,0,0
373,2100704108382666977,"Thu, Sep 17, 2026",⚡️🖤【 Happyくじ サンリオパンク開幕 】🖤⚡️ 本日9/18(金)より『Sanrio characters PUNKS Party』が順次発売！ エッジの効いたパンク衣装のキティやクロミたちが大集合🎸フィギュアやチェーンポーチなどハズレなしの豪華ラインナップです✨ 1回880円(税込)！コンビニへGO🏃💨 #サンリオ https://t.co/V6ADbOGL1Y,https://x.com/sanrio_fan_jp/status/2100704108382666977,14901,88,1494,8,6,0,0,15,48,111,2,39,0
374,2089355380472385953,"Mon, Aug 17, 2026",【新商品】archives×ポムポムプリン×はぴだんぶい💛 プリン30周年を記念したスペシャルコラボが登場！プリンとおそろいベレー帽をかぶったはぴだんぶいメンバーが可愛すぎる…！ 📅8/18(火)10:00〜 EC販売開始 📅9/1(火)〜 店頭販売開始 #ポムポムプリン #はぴだんぶい #アルシーヴ https://t.co/MuDQOFv9ij,https://x.com/sanrio_fan_jp/status/2089355380472385953,55734,587,8754,161,34,2,0,68,177,120,20,86,0
375,2076857167492313411,"Tue, Jul 14, 2026","🌟【新発売】Bling Me!の大人気クリスタルminiチャームに『ポムポムプリン』が登場！🌟 きらめくスワロフスキー®・クリスタルを敷き詰めた贅沢仕様のプリンくんチャームが、本日7月14日(火)より発売開始されます✨ 🍮Pompompurin Mini Charm 💰価格：3,960円（税込） 🛒お取り扱い店 ・Bling Me! https://t.co/zXOFivfHeu",https://x.com/sanrio_fan_jp/status/2076857167492313411,28017,248,2967,59,9,2,0,26,76,75,1,51,0
376,2098225250140119517,"Fri, Sep 11, 2026",【2026年10月発売予定✨新作サンリオグッズ】 アガツマ（PINOCCHIO）より、なつかしいレトロテーマの「Sanrio characters ハートカプセルコレクション 〜なかよしマスコット〜 レトロポップ」が登場！ クリアオレンジのハート型カプセルの中に、サンリオキャラクターズの人形が1体入っています🧡 https://t.co/t3KVBBrmVn,https://x.com/sanrio_fan_jp/status/2098225250140119517,87948,839,15098,211,58,0,0,89,108,155,12,10,0
377,2091061534722339264,"Sat, Aug 22, 2026",可愛い💕 https://t.co/ORsXnkl4Sw,https://x.com/sanrio_fan_jp/status/2091061534722339264,10429,96,231,11,0,0,0,10,9,10,0,0,0
378,2100928759889269002,"Fri, Sep 18, 2026",🌟💖【 🎀 大人気サンリオグッズ 🎀 】💖🌟 「モバイル PU レザーストラップ」が好評販売中🛍️✨ Amazon🛒 https://t.co/JFm7ZmznjM 楽天 https://t.co/p14cLE0e2o 大きめのPUレザーチャームに、推しカラーのもこもこファーとストラップが付いた豪華仕様携帯📱💖 https://t.co/zYbZq2r6EF,https://x.com/sanrio_fan_jp/status/2100928759889269002,6538,67,343,3,2,0,0,7,5,37,30,1,0
379,2079902959190810721,"Wed, Jul 22, 2026",＼アベイルにウサハナが登場🐰💜／ 8/1(土)よりアベイルでウサハナの新アイテムが発売！ヒョウ柄やゼブラ柄のリボンをつけた特別仕様のマスコットや、可愛いバッグ・収納グッズが勢ぞろい✨ 📅発売日：8/1(土) ⚠️購入制限：1商品につきお一人様1点限りあり #アベイル #avail #サンリオ #ウサハナ https://t.co/aws2VeihBp,https://x.com/sanrio_fan_jp/status/2079902959190810721,86369,1465,19164,359,115,2,0,225,342,334,10,84,0
380,2097799452119773590,"Wed, Sep 9, 2026",【発売情報】 SNIDEL HOME（スナイデル ホーム）から、大人気キャラクター「シナモロール」とのコラボレーションアイテムが登場✨ 9月11日(金)より販売がスタートいたします！ https://t.co/4zujORg2tV,https://x.com/sanrio_fan_jp/status/2097799452119773590,151221,2280,12977,390,71,4,0,293,132,1124,1204,86,0
381,2099887122245382443,"Tue, Sep 15, 2026",✨🚨【 🖤 China Merch News 🖤 】🚨✨ Check out the adorable new Sanrio Characters lineup from Chinese brand MOETCH! (sub name MINILIKE)🎀🛒 💖✨💖✨💖✨💖✨💖 🎁 Featured Series: 🍓 Hello Kitty Strawberry Kindergarten Series Figures 🌈 Hello Kitty Rainbow Dream Journey Ring https://t.co/A8jlZRnJpJ,https://x.com/sanrio_fan_jp/status/2099887122245382443,3364,15,227,3,0,0,0,2,5,6,1,2,0
382,2073542660254773410,"Sat, Jul 4, 2026",あたまになんかのせてる🥹 https://t.co/cF6Pw3V98T,https://x.com/sanrio_fan_jp/status/2073542660254773410,155369,1598,28077,226,100,10,0,193,419,551,17,0,0
383,2085204861164126538,"Thu, Aug 6, 2026",【はなまるうどん×サンリオ「はなまるおばけ」初コラボキャンペーン開催🎉】 8月7日の「はなまるうどんの日」を記念して、とってもお得で可愛い夏休み特別企画がスタートします！ 🍤 企画の目玉「はなまる感謝うどん」 https://t.co/6hDBXFmk9Y,https://x.com/sanrio_fan_jp/status/2085204861164126538,44304,759,6061,128,56,3,1,159,59,132,9,41,0
384,2095402178064400876,"Thu, Sep 3, 2026",【海外イベント情報】 韓国の「ロッテワールドアクアリウム」にて、サンリオキャラクターズの「マーメイドパーティ」コラボイベントが開催！🩵🧜‍♀️ キラキラ輝く海の世界で、マーメイド姿になったサンリオキャラクターズと一緒に特別なひとときを楽しめます✨ 【楽しめるコンテンツ】 ✨ https://t.co/UBeNc8LCKI,https://x.com/sanrio_fan_jp/status/2095402178064400876,23430,121,1250,27,20,1,1,20,12,75,0,2,0
385,2090348978596466754,"Thu, Aug 20, 2026",【サンリオ新商品情報】モンチッチ×ハローキティのスペシャルコラボアイテム「全10種」がドン・キホーテ限定で発売決定！✨ お揃いの赤いリボンをつけた2人が可愛すぎるレトロでポップなデザインとなっています🎀 --- 🗓 発売日 2026年8月29日（土）より全国のドン・キホーテ店舗にて発売！ 👕 https://t.co/cG4Qdx9HV8,https://x.com/sanrio_fan_jp/status/2090348978596466754,5417,9,218,1,2,0,0,0,5,18,12,0,0
386,2092503614011142519,"Wed, Aug 26, 2026","樹脂ねんど×カラーパーツでつくる「ねんどクリエイター Claytive!」にサンリオキャラクターが登場✨ ねんどをこねて型につめ、パーツを差し込むだけで自分だけのフィギュアが作れます！ 💰価格：各1,980円(税込) 🎀種類：マイメロディ/ハローキティ/クロミ Amazonでチェックする🛒 https://t.co/Iv9n2AOYkd",https://x.com/sanrio_fan_jp/status/2092503614011142519,3183,12,127,2,0,0,0,1,5,12,5,1,0
387,2095801199626965041,"Fri, Sep 4, 2026",HELLO KITTY SMILEで秋限定ミッション『SPOOKY APPLE MONSTER』が開催！🎃✨ 館内5つのエリアで合言葉「ハッピーハロウィン」を伝えてシールを集めよう！コンプリートで限定オリジナルキーホルダーをプレゼント🎁 🗓️ 10/1(木)〜10/31(土) #HELLOKITTYSMILE #ハローキティ #ハロウィン https://t.co/hst6Bfepj0,https://x.com/sanrio_fan_jp/status/2095801199626965041,2934,9,42,3,0,0,0,0,5,11,0,2,0
388,2099849421454459240,"Tue, Sep 15, 2026",🌟✨💖【 💜 サンリオ×HORI 新作登場 💜 】💖✨🌟 HORIから、クロミ・シナモロール・ポムポムプリンのNintendo Switch™ 2対応周辺機器＆アクセサリー製品が2026年10月・11月に続々登場決定🎉🛍️💖 ✨💖✨💖✨💖✨💖✨ 🎁【 ラインナップ紹介 】 💜 クロミ シリーズ 💖 シナモロール シリーズ 💛 https://t.co/dD9BoV8QIr,https://x.com/sanrio_fan_jp/status/2099849421454459240,94671,1651,16037,435,95,4,3,291,114,958,881,20,0
389,2098178149922328640,"Thu, Sep 10, 2026",＼ SNIDEL HOME × シナモロール ☁️✨ ／ 日本でも本日（9/11）より販売スタートする「シナモロール」コラボコレクション！ 実は香港SNIDELでも展開されていますアイテムも一部あるようです🇭🇰✨ https://t.co/f2oyQrOQNc,https://x.com/sanrio_fan_jp/status/2098178149922328640,27204,165,929,18,0,0,0,15,22,14,0,10,0
390,2086959358467031427,"Mon, Aug 10, 2026","＼これからの季節にぴったり！／ サンリオキャラクターズの「ボアサボサンダル」が予約受付中ボア✨ 左右でデザインが違うあたたかボア＆刺繍ロゴが可愛いすぎ🥺💓 おでかけ用にはもちろん、ルームシューズにもおすすめです！ 発売予定日：2026年9月10日 価格：2,530円（税込） https://t.co/qzFO9NIFKc",https://x.com/sanrio_fan_jp/status/2086959358467031427,14794,150,1035,30,9,1,0,14,17,73,68,3,0
391,2098576161723064525,"Sat, Sep 12, 2026",日本で発売されたサンリオ「秋めくりんごデザインシリーズ」🍎 中国でのプロモーション写真（甜甜苹果系列）がすごく素敵だったので共有！✨ 赤チェック×りんごのノスタルジックな雰囲気が、ヴィンテージ調の赤電話やバスケットと相性抜群☎️🧺 https://t.co/m7JHQyTUBM,https://x.com/sanrio_fan_jp/status/2098576161723064525,16739,193,1877,27,4,2,0,49,34,45,44,4,0
392,2084414388342276121,"Mon, Aug 3, 2026",【海外限定・新作情報】 香港🇭🇰GIMMIX（Manis）から、夏にぴったりな「サンリオキャラクターズ ミニビーチバッグ（Mini Beach Bag）」がブラインドボックス仕様で登場！🌊✨ 「Under the https://t.co/o0VYBYX0Qf,https://x.com/sanrio_fan_jp/status/2084414388342276121,26131,168,4269,25,8,0,0,16,35,57,1,2,0
393,2086624736545759615,"Mon, Aug 10, 2026",NATURAL BEAUTY BASIC×ポムポムプリン初コラボが発売🍮✨ 30周年を迎えたプリンくんのビッグマルチポーチやパイルトート、ベレー帽など全12種が登場！ 対象商品購入でオリジナルステッカー（全6種）をランダムで1枚プレゼント🎁 #ポムポムプリン #NBB #ナチュラルビューティーベーシック https://t.co/FwwRVSZHhk,https://x.com/sanrio_fan_jp/status/2086624736545759615,104311,1119,10100,206,68,7,0,148,292,333,5,178,0
394,2093127713313923267,"Fri, Aug 28, 2026",パステルとポムポムプリンのコラボ復刻が可愛すぎる…！🍮✨ 今回はプリンのお友だち“マフィン”のお誕生日をお祝いする新ビジュアル！プリンの上にちょこんと乗ったマフィンがたまらない「なかよしプリン」や、話題になった「ポムポムプリンのおしり」タルトも再登場します♡ https://t.co/pfahWsNXdR,https://x.com/sanrio_fan_jp/status/2093127713313923267,8004,100,597,13,1,0,0,11,12,50,53,1,0
395,2101824565295157468,"Mon, Sep 21, 2026",🌟💖【 💜 アベイル新作コラボ💜 】💖🌟 9月26日(土)より、アベイル限定アート「クロミ ゴシックアートシリーズ」が発売🖤✨ お部屋を彩るクッションや収納、キッチン雑貨からルームウェアまで大集合アイテム勢ぞろい！ 🗓️発売日：9月26日(土)〜 ※つくば店・姶良店は対象外 #クロミ #アベイル https://t.co/YqBBrIsuAk,https://x.com/sanrio_fan_jp/status/2101824565295157468,11079,102,866,25,0,0,0,11,5,11,0,0,0
396,2073186115071455295,"Fri, Jul 3, 2026",海外グッズ情報 昨年韓国ポップアップイベントで完売したサンリオのベーカリーシリーズが復活して販売中✨天才的な可愛さ…！🍞🥐 焼き立てパンみたいにふっくら美味しそうなサンリオキャラたちのキーリング（約13cm）✨ポムポムプリンの食パン感やマイメロのクロワッサンがたまらん。 https://t.co/801arI7g2K,https://x.com/sanrio_fan_jp/status/2073186115071455295,43234,525,6724,81,17,2,0,75,64,71,1,5,0
397,2085499213937557654,"Thu, Aug 6, 2026",【サンリオ】推し活・お出かけに最適！クリア窓付きショルダーバッグが登場✨ 前面にクリア窓付きジッパーポケットを搭載し、お気に入りのトレーディングカードや写真を入れて自分だけのバッグにカスタマイズ可能！ https://t.co/Qq8eAWS1zH,https://x.com/sanrio_fan_jp/status/2085499213937557654,24933,294,3733,73,15,1,0,47,33,133,81,2,0
398,2087024690577674427,"Tue, Aug 11, 2026",＼バースデイオンラインストアに登場！／ サンリオキャラクターズ Mochimochi Collectionが可愛すぎる…！👶🎀 ポチャッコ、ハンギョドン、マイメロディ、ハローキティ、ポムポムプリンの全5種！ 着るだけでぬいぐるみになれちゃう帽子付きサロペットです☁️✨ https://t.co/ftSeg9b8JY,https://x.com/sanrio_fan_jp/status/2087024690577674427,130350,1222,16091,229,189,2,0,112,179,545,9,31,0
399,2084866692560400562,"Wed, Aug 5, 2026",詳細はこちら💁‍♀️ https://t.co/e8yJH0u3m4,https://x.com/sanrio_fan_jp/status/2084866692560400562,1466,5,354,5,1,0,0,0,2,170,177,0,0
400,2101920131064709466,"Mon, Sep 21, 2026",🌟🤎【 海外グッズ情報 】🤎🌟 MINISOからサンリオの秋新作「モカチェック（摩卡格纹）シリーズ」が登場！✨ クラシックなモカブラウン＆チェック柄が大人可愛いモカ🤎 ハローキティやクロミのバッグ、アパレルなど秋にぴったりのラインナップです！🍂 #サンリオ #MINISO #名創優品 https://t.co/BpYPukfNPh,https://x.com/sanrio_fan_jp/status/2101920131064709466,846,3,57,0,0,0,0,0,1,0,0,0,0
401,2072997372368748589,"Fri, Jul 3, 2026",【人気コラボ商品】セガフェイブの「SONIC＆FRIENDS」×サンリオキャラクターズのマスコット🦔🎀 キティちゃんのきぐるみを着たソニックや、クロミちゃん姿のナックルズなど、全6種の限定デザインがかわいい💕 https://t.co/xOZPzku81X,https://x.com/sanrio_fan_jp/status/2072997372368748589,3257,10,94,4,0,0,0,3,1,6,4,1,0
402,2075199647786975239,"Thu, Jul 9, 2026",香港限定のシナモンくん、ちょっと可愛さが限界突破してませんか…？😭☁️💙 「雲朵奶蓋（雲のチーズフォーム）」がテーマらしくて、コーヒーカップを頭に乗せてたり、ストライプのドリンクカップにすっぽり収まってたり、もう愛おしすぎて胸が苦しい。 https://t.co/odL6pW6GQ7,https://x.com/sanrio_fan_jp/status/2075199647786975239,17907,116,629,22,5,0,0,13,8,14,0,0,0
403,2087104753029570869,"Tue, Aug 11, 2026",＼ハンバーガーショップごっこができる！／ 「ちまぽてコレクション 第3弾」がキュートすぎる🍔🍟 🍔ちまぽてぬいぐるみ（全6種） ・ハローキティ / マイメロディ / ポムポムプリン ・シナモロール / クロミ / バッドばつ丸 🏠ぬいぐるみショップ（ハンバーガーショップ） https://t.co/Dg4alX4OAZ,https://x.com/sanrio_fan_jp/status/2087104753029570869,42057,591,4198,83,25,2,0,82,94,232,214,2,0
404,2071570887900529085,"Mon, Jun 29, 2026",海外サンリオグッズ情報 ＼TOP TOYからサンリオの新作が可愛すぎる…！ディスプレイ仕様のバッグチャーム💖／ https://t.co/htxzh1mgLv,https://x.com/sanrio_fan_jp/status/2071570887900529085,173880,820,25467,158,35,5,2,89,109,227,1,37,0
405,2073247499415142819,"Sat, Jul 4, 2026",ヘアカーラー巻いておめかししてるサンリオのみんな、シュールで愛おしすぎる…！😂💖 タカラトミーアーツの新作ガチャ「くるくるヘアカーラーフィギュア」が7月13日の週から登場するみたい！ https://t.co/meoOykkpyB,https://x.com/sanrio_fan_jp/status/2073247499415142819,4985,36,270,4,1,1,0,8,3,113,0,2,0
406,2078676168249852217,"Sun, Jul 19, 2026",ぷーーーーー https://t.co/VfClGux8I4,https://x.com/sanrio_fan_jp/status/2078676168249852217,49593,368,4481,71,23,1,0,45,96,78,3,0,0
407,2080549858646327471,"Fri, Jul 24, 2026",🌴【大注目】永井博 × ハローキティのスペシャルコラボアイテムが誕生！ハローキティ✨ 大滝詠一氏のジャケットなどで知られるイラストレーター・永井博さんの描く美しいシティポップの世界に、ハローキティが溶け込んだ特別なコレクションが登場します！ https://t.co/paXkxEGXW6,https://x.com/sanrio_fan_jp/status/2080549858646327471,51796,606,6024,162,25,1,0,123,86,110,7,86,0
408,2077487988385460711,"Wed, Jul 15, 2026",しゃれお〜💕 https://t.co/VQfnBYIR5r,https://x.com/sanrio_fan_jp/status/2077487988385460711,1192,3,74,1,1,0,0,0,1,0,0,0,0
409,2095276934150451427,"Wed, Sep 2, 2026",【イベント情報】 淡路島「HELLO KITTY SHOW BOX」で秋限定公演『Dreamy Autumn』がスタート！🍁 ハローキティの歌やダンス、参加型ダンスに記念撮影まで楽しめます🎀 スイーツと共に特別な秋を過ごしませんか？✨ 📅9/1(火)〜11/6(金) #ハローキティ #淡路島 https://t.co/QtisTrqf9f,https://x.com/sanrio_fan_jp/status/2095276934150451427,2807,7,40,1,0,0,0,0,7,4,0,0,0
410,2078230327861092364,"Fri, Jul 17, 2026",\海外情報/TOP TOYからサンリオの新作ブラインドボックス「Little Ice Cream Cone Series」が登場🍦✨ アイスクリームに変身したクロミやウサハナたちが可愛すぎる…！頭の上にちょこんと乗ったミニマスコットもたまらない仕様。バッグチャームにぴったりなぬいぐるみキーホルダーです。 #サンリオ https://t.co/MBNCvYlm2y,https://x.com/sanrio_fan_jp/status/2078230327861092364,305834,2294,15226,415,123,5,0,449,169,319,2,51,0
411,2097489068179571016,"Wed, Sep 9, 2026",＼2026年9月発売！アイピーフォー サンリオ新作カプセルトイ情報／ 注目のラインナップをチェック！ 🎀ウサハナ 好きなものポーチコレクション（全6種 / 500円） ・ふわふわフェイスポーチ ・トートバッグ ・ふわふわポーチ（リボン / お花） ・ラウンドポーチ（イエロー / ブルー） https://t.co/BygbkRkOd0,https://x.com/sanrio_fan_jp/status/2097489068179571016,34716,313,4497,50,9,0,0,29,50,23,7,1,0
412,2084846353012949366,"Wed, Aug 5, 2026",店舗一覧追加✨📝 https://t.co/jDG1ggor8R,https://x.com/sanrio_fan_jp/status/2084846353012949366,35407,193,2943,48,8,0,0,16,30,46,3,0,0
413,2080778446654132385,"Fri, Jul 24, 2026",🍳【海外トイ情報】月光社（WONDER MOON）からサンリオキャラクターズのミニキッチン玩具「開心小厨房」が新登場！🌟 中国の人気玩具ブランド「月光社」より、サンリオのおままごとトイシリーズがリリースされました！ https://t.co/HbWh3tDzs2,https://x.com/sanrio_fan_jp/status/2080778446654132385,10120,87,957,15,6,0,0,15,4,13,0,0,0
414,2071339247567786484,"Sun, Jun 28, 2026",【サンリオ×アベイル】本日12時〜再販開始！ サンリオキャラクター大賞の記念グッズが待望の再販です🎉 Tシャツ、巾着、ポーチ、ソックスなど、日常使いしやすい優秀アイテムばかり。 もっとも重要な注意点として【店舗での再販は一切なし、オンラインストア限定】とのことなので注意してください！ https://t.co/rUNnwiv3iK,https://x.com/sanrio_fan_jp/status/2071339247567786484,75298,392,20370,82,17,4,0,44,180,826,3,45,0
415,2088540028284572131,"Sat, Aug 15, 2026",＼ MINISO × サンリオ 東南アジアツアー開催中！ ／ 日焼けしたサンリオキャラたちが大集合する「Sanrio My Sun-Kissed Party」が東南アジア各地を巡回中🌴✨ 水着やサングラス姿の限定マスコットや、夏感満載のフォトスポットが登場しています！ 📍巡回スケジュール 🇹🇭タイ（Terminal 21 https://t.co/zOdYMHOEub,https://x.com/sanrio_fan_jp/status/2088540028284572131,53500,147,4759,46,6,2,0,9,40,88,0,23,0
416,2087447929824969120,"Wed, Aug 12, 2026","スケーターから「サンリオキャラクターズ モーニングセット」が登場中✨ プレート＆カップがセットになっていてワンプレート使いにぴったり！ 価格：各3,410円（税込） ラインナップ：クロミ / マイメロディ / シナモロール 楽天でチェックする🛒 https://t.co/rCA4Qp9oEU #サンリオ #おうちカフェ https://t.co/nth0u6JVUv",https://x.com/sanrio_fan_jp/status/2087447929824969120,38318,603,4021,110,33,2,0,79,48,176,153,5,0
417,2072958425261339074,"Fri, Jul 3, 2026",しまむらからサンリオの「七夕キャラクター特集」＆「けろけろけろっぴ生誕記念」新作グッズが登場！🎋🌟 お部屋がパッと可愛くなるダイカットクッションや寝具、日常使いしやすいバッグやアパレルまで驚きのしまむら安心価格！7月4日(土)から店舗＆15:00〜オンラインストアで発売開始です！ https://t.co/Gx6Bp5h9TK,https://x.com/sanrio_fan_jp/status/2072958425261339074,28046,283,5570,45,20,1,0,43,34,59,2,13,0
418,2076858815052746916,"Tue, Jul 14, 2026",楽天はこちら💁‍♀️#pr https://t.co/hHgnhW2RKV,https://x.com/sanrio_fan_jp/status/2076858815052746916,3056,16,1564,9,4,0,0,0,9,614,925,0,0
419,2083041538536513605,"Fri, Jul 31, 2026",【サンリオ最新情報】これは全種コンプしたくなる可愛さ！ファミリーマートにて、人気サンリオキャラと有名お菓子のマスコットたちがコラボした「サンリオキャラクターズ×メーカーマスコット 大集合！キャンペーン」が開催されます！✨ https://t.co/iPLkPYLyK7,https://x.com/sanrio_fan_jp/status/2083041538536513605,55865,53,1425,23,15,3,1,8,9,44,2,7,0
420,2069899255507190025,"Wed, Jun 24, 2026",既存ラインナップのポムポムプリンも好評販売中✨#pr https://t.co/sj9C1nLqH2 https://t.co/BuxkZdP1Zh,https://x.com/sanrio_fan_jp/status/2069899255507190025,837,4,32,1,1,0,0,0,0,4,5,0,0
421,2073953811413307672,"Mon, Jul 6, 2026",詳細はこちら💁‍♀️ https://t.co/J7ZHOGgrxb,https://x.com/sanrio_fan_jp/status/2073953811413307672,1167,2,42,0,0,0,0,0,0,19,21,0,0
422,2101106515432362071,"Sat, Sep 19, 2026",✨🎉【 シャンブル限定アイテム登場！ 】🎉✨ 🐰💖🐰💖🐰💖🐰💖🐰💖 9月20日(日)は「ウィッシュミーメル」のお誕生日🎂 可愛い限定グッズと一緒にバースデーをお祝いしようメル🎉✨ シャンブル店舗＆オンラインストアで本日発売！ 🐰💖🐰💖🐰💖🐰💖🐰💖 https://t.co/D6ZpHtREdj,https://x.com/sanrio_fan_jp/status/2101106515432362071,2960,10,81,2,0,1,0,2,2,1,0,0,0
423,2095314487847043084,"Thu, Sep 3, 2026",可愛い💕 お茶会したい☕️ 日本でも本日発売！無事に買えるかな🥺 在庫や詳細は楽天でチェック👇 https://t.co/h1kASRwQHq #サンリオ #sanrio #メルヘンパーティデザインシリーズ #ハローキティ #推し活 #サンリオ新作 #pr https://t.co/dBSPdOJGTF,https://x.com/sanrio_fan_jp/status/2095314487847043084,14848,74,1065,13,0,0,0,11,21,94,88,21,0
424,2097929971654410381,"Thu, Sep 10, 2026",【9月10日発売】 学研『らぶキャラvol.59』はクロミお誕生日記念のスペシャル号🖤✨ 豪華別冊付録「デコれる♥クロミのカードケース＆ホロぷくシール」が登場！ 💎豪華付録セット内容 ・クロミのカードケース（椅子に座ったゴージャスデザイン） https://t.co/TIIxdBLyQn,https://x.com/sanrio_fan_jp/status/2097929971654410381,8257,107,767,23,5,0,0,8,8,43,29,0,0
425,2069763569412194461,"Wed, Jun 24, 2026",Amazonで買える商品もまとめて見ました👍 #pr https://t.co/Jmshe2Js3P,https://x.com/sanrio_fan_jp/status/2069763569412194461,867,2,35,1,0,0,0,0,2,11,20,0,0
426,2101117296588775906,"Sat, Sep 19, 2026",🌟💖【 💜 アベイル新作速報 💜 】💖🌟 アベイルからクロミのゴシックアートシリーズが登場💜🖤 リボンや王冠を身に着けたアベイル限定アートの特別なデザイン👑✨ マスコット、バッグ、ヘアアクセや収納系まで盛りだくさん🛍️✨ 🗓️ 発売日：9/26(土) #アベイル #Avail #クロミ https://t.co/Fojp2SzmF2,https://x.com/sanrio_fan_jp/status/2101117296588775906,44084,448,3645,80,12,1,0,77,32,25,0,5,0
427,2092796331588989189,"Thu, Aug 27, 2026",＼ナムコ限定サンリオキャンペーン開催！／ 全国のアミューズメント施設「ナムコ」と「ナムクレ」にて『ナムコdeハロウィン2026～キャンディハウスファンタジー～』が開催されます🎃🍬 キャンディをモチーフにした描きおろしデザインのナムコ限定景品が多数登場！ 【キャンペーン期間】 https://t.co/G0oljBbrAX,https://x.com/sanrio_fan_jp/status/2092796331588989189,60461,740,7518,191,114,8,0,124,61,751,567,26,0
428,2096062144127340821,"Sat, Sep 5, 2026",【スーパーSALE半額 50%OFF】サンリオキャラクターズ ぬいコロンがお買い得！✨ コロッと可愛いぬいぐるみ起き上がりこぼし「ぬいコロン」が、期間限定で半額セール中！触り心地がクセになる、むにむに触感がたまらないアイテムです💕 💰 価格 通常価格 935円 ➔ SALE価格 466円 (税込) ※送料550円 https://t.co/ufmPZlfZl8,https://x.com/sanrio_fan_jp/status/2096062144127340821,5287,51,292,6,2,1,0,7,7,47,37,0,0
429,2094746219260391474,"Tue, Sep 1, 2026",むにゅぐるみパティオからサンリオ新作2種が予約決定🩵 🍩ぷかぷかドーナツむにゅぐるみマスコット 🪼ゆらゆらくらげシリーズ 🗓️9/4(金) 11:00〜 EC予約開始！ ⚠️9/7(月)11:00まで【おひとり様各1点】の個数制限あり 推しキャラのチェックはお早めに✨ #サンリオ #むにゅぐるみパティオ https://t.co/7gM99CZJB9,https://x.com/sanrio_fan_jp/status/2094746219260391474,21062,367,1985,67,10,0,0,52,62,115,7,14,0
430,2092173192739856616,"Tue, Aug 25, 2026",100円ショップにて、刺繍生地の透け感がおしゃれなサンリオキャラクターズの新作ポーチが順次発売中！🌸✨ お花をまとったキャラクターイラストと、裏面の上品なお花刺繍がとっても高見えするデザインです。 【ラインナップ・JANコード】 ■ 200円商品：刺繍フラットポーチ https://t.co/6p20NYg33Z,https://x.com/sanrio_fan_jp/status/2092173192739856616,62490,911,11468,278,70,7,0,154,260,385,50,55,0
431,2096951941611819380,"Mon, Sep 7, 2026",お風呂の時間が楽しくなる！サンリオのバスボール「キャラボム」シリーズ各種が発売中🛁✨ トレイン形、ヒヨコマスコット、ゆらゆら、お城ケース、ドーナツなど可愛いマスコット入り！ 毎日のお風呂タイムやお子様へのプチギフトにぴったりです♡ 楽天でチェックする🛒 https://t.co/u3KQhbkaJS https://t.co/HkavCRJzEc,https://x.com/sanrio_fan_jp/status/2096951941611819380,20003,186,2624,38,5,1,0,16,16,102,26,0,0
432,2089833849593495763,"Tue, Aug 18, 2026",サンリオキャラクターズの新作「平成ファンシーアイテムコレクション」が発売中！ ウサハナやコロコロクリリンもラインナップに登場🌈 ・ペンポーチ／ミニメモ／鉛筆 ・エナメルポーチキーホルダー ・ストーン付きマルチクリップ ・グリッターキーホルダー／缶バッジ https://t.co/u5dp5j7rCn,https://x.com/sanrio_fan_jp/status/2089833849593495763,18190,273,3017,57,11,4,0,28,37,130,87,4,0
433,2089864296335585297,"Tue, Aug 18, 2026",詳細はこちら💁‍♀️ https://t.co/dAqgERTY4W,https://x.com/sanrio_fan_jp/status/2089864296335585297,1105,0,16,0,0,0,0,0,0,4,12,0,0
434,2088142453161562153,"Fri, Aug 14, 2026",【サンリオ】秋デザインのトイレットペーパー新登場🍁 丸富製紙から「サンリオキャラクターズ 秋12ロールダブル」がリニューアル発売✨ キティに加え、プリン、シナモン、ポチャッコ、マイメロディも仲間入り！ ⛺️全面異なる限定パッケージ 🍊やさしいオレンジ＆黄緑の2種プリント柄 https://t.co/o5srqngrBM,https://x.com/sanrio_fan_jp/status/2088142453161562153,5440,44,309,9,0,1,0,7,3,37,10,1,0
435,2083094291770126391,"Fri, Jul 31, 2026",詳細はこちら💁‍♀️ https://t.co/Dt2cGeSMJb,https://x.com/sanrio_fan_jp/status/2083094291770126391,1194,3,78,0,4,0,0,1,0,38,36,0,0
436,2076773156132651402,"Mon, Jul 13, 2026",こちら💁‍♀️台湾公式から動画公開✨ https://t.co/WFSwwQwgv2,https://x.com/sanrio_fan_jp/status/2076773156132651402,37903,145,232,24,21,1,1,35,12,26,0,0,0
437,2075417406856728823,"Fri, Jul 10, 2026",詳細はこちら💁‍♀️ https://t.co/GyxMN621SU,https://x.com/sanrio_fan_jp/status/2075417406856728823,1103,1,35,1,0,0,0,0,0,13,21,0,0
438,2090644069328531658,"Fri, Aug 21, 2026",【海外グッズ情報】 中国のライフスタイルブランド「MarTUBE（马克图布）」より、王様姿がキュートなポムポムプリンの「国王ビッグフィギュア Bluetoothスピーカー」が登場しました！👑✨ https://t.co/ZnkfbOufQr,https://x.com/sanrio_fan_jp/status/2090644069328531658,33196,998,3290,169,68,1,2,121,57,169,3,9,0
439,2095741525271720273,"Fri, Sep 4, 2026",イラストレーターのなつめみくさん×ムービックが手掛ける「DOLLY MIX（ドーリーミックス）」と、シナモロール・ポムポムプリン・ポチャッコのコラボ商品が登場！🎀✨ 一般発売に先駆けて、キデイランド17店舗にて先行販売が実施されます！ 🗓️ 先行販売開始日 2026年9月18日（金）〜 🎁 https://t.co/QMCXhPSTVV,https://x.com/sanrio_fan_jp/status/2095741525271720273,49267,990,7057,264,67,6,0,206,94,242,1,28,0
440,2098430379841716231,"Fri, Sep 11, 2026",【韓国限定】LocknLock×サンリオキャラクターズコラボ登場！水筒 立体的なポムポムプリン＆ポチャッコのキャップがかわいすぎる…！ 🥤フィギュアタンブラー(325ml) 保温・保冷に優れたステンレス製＆ストラップ付 🍼フィギュアボトル(240ml) 軽量で頑丈なトライタン素材 #サンリオ #韓国限定 https://t.co/vMcFmZX1I9,https://x.com/sanrio_fan_jp/status/2098430379841716231,35402,536,3787,73,32,1,0,69,71,61,11,9,0
441,2100433329946558635,"Thu, Sep 17, 2026","🎀【 JILL by JILL STUART × HELLO KITTY 】🎀 秋の新作コラボコレクションが本日9/17(木)〜登場✨ ブランドオリジナルのチェック柄に大人っぽいカラーリングのハローキティをあしらった上品な秋冬コレクションです🍂 👜 フリルトートミニ（¥12,980） https://t.co/VfVMonqv9B",https://x.com/sanrio_fan_jp/status/2100433329946558635,8207,27,287,6,1,0,0,3,5,55,24,1,0
442,2089913229199978852,"Wed, Aug 19, 2026",【韓国新商品情報】 「한손한끼（GRABMEAL）× サンリオキャラクターズ」限定コラボプロテインシェイク🥤✨ 手軽でしっかり栄養補給ができる置き換えプロテインシェイクに、可愛い限定おまけが付いたスペシャルパッケージ！ 📍CHECK POINT ・サンリオキャラクターズ限定コラボパッケージ https://t.co/PTSe8EONgm,https://x.com/sanrio_fan_jp/status/2089913229199978852,12236,109,1440,20,8,0,0,12,20,69,2,3,0
443,2072975782453084642,"Fri, Jul 3, 2026",ネコミミヘッドホンをつけたシナモンが可愛すぎる「シナモロール当りくじ」がいよいよ明日登場💙 (1回880円・税込) ネコミミデザインのヘッドホンやぬいぐるみ、ラストスペシャル賞のLED付きミラーなど豪華すぎます…！どれが当たっても嬉しいラインナップ✨ 各賞の詳細な画像はリプ欄に並べます👇📸 https://t.co/kZDUV9nmkA,https://x.com/sanrio_fan_jp/status/2072975782453084642,73603,513,5836,69,18,2,2,64,34,55,1,0,0
444,2075579935637619038,"Fri, Jul 10, 2026",＼ポムポムプリン30周年記念🍮✨／ 韓国オーロラワールドから、王冠＆マント姿の特別感溢れるポムポムプリン30周年記念ぬいぐるみ＆キーリングが正式販売開始！ 現地セレクトショップ「29CM」等で発売中。🇰🇷 #ポムポムプリン #サンリオ #オーロラワールド https://t.co/m8G2E2uwpn,https://x.com/sanrio_fan_jp/status/2075579935637619038,16329,213,1828,39,11,1,0,29,17,39,5,14,0
445,2095760711641182698,"Fri, Sep 4, 2026",「ぬいコロンキーホルダー」が平成レトロで可愛すぎる…！😭💖 ヒョウ柄のくまちゃんスーツ着てるだけでも最高なのに、揺らすとコロンコロン起き上がる「起き上がりこぼし」仕様なのがたまらないです✨ ビーズチェーンとリボンのチャームもついててバッグにつけると一気に映える！🎀 https://t.co/nfLv4fQSnq,https://x.com/sanrio_fan_jp/status/2095760711641182698,13832,203,1502,35,17,3,0,20,12,119,72,5,0
446,2095806260054577289,"Fri, Sep 4, 2026",サンリオキャラクターズ × PINK-latte（ピンクラテ）コラボ新作アイテムが登場！💖✨ 「ポムポムプリン」「シナモロール」「ポチャッコ」と一緒に、毎日をもっとかわいくアップデートできるラインナップです🐶🍮☁️ 🗓️ 発売日 9/4（金） 販売先：ピンクラテ店舗・オンラインサイト販売 🛒 https://t.co/0YH9dLIgk9,https://x.com/sanrio_fan_jp/status/2095806260054577289,4017,10,113,1,0,0,0,0,1,10,1,0,0
447,2101123991746625799,"Sat, Sep 19, 2026",✨📣【 💛 新作コラボ情報 💛 】📣✨ 💛🤎💛🤎💛🤎💛🤎💛🤎💛 モンチッチ×ポムポムプリン！ スペシャルコラボ文具＆雑貨シリーズが新登場🍮🐵✨ 💛🤎💛🤎💛🤎💛🤎💛🤎💛 サンスター文具から、モンチッチとポムポムプリンが夢のコラボお祝い💖 https://t.co/yircnluEID,https://x.com/sanrio_fan_jp/status/2101123991746625799,62774,977,6593,175,70,4,0,155,87,102,9,23,0
448,2080081360765771806,"Thu, Jul 23, 2026",海外イベント情報 ＼【7/31〜期間限定】ハローキティアイランド ポップアップストアが新世界百貨店 江南店に登場📢／ https://t.co/u6GXOhbGOg,https://x.com/sanrio_fan_jp/status/2080081360765771806,32963,180,5557,62,15,1,0,37,58,58,7,7,0
449,2072569613989159370,"Thu, Jul 2, 2026",香港限定！シナモロールの新作「クラウドクリームシリーズ」がめちゃくちゃ可愛い…ブルーのモコモコ帽子が最高に似合ってる🩵☁️ カフェの店主さんに変身したシナモンがモチーフ。立体的なハートのアクセントや、淡いブルー×白のストライプがとってもファンシーです。 https://t.co/jzYBFII3gH,https://x.com/sanrio_fan_jp/status/2072569613989159370,50852,196,798,25,9,0,0,23,24,56,0,2,0
450,2081045947350667617,"Sat, Jul 25, 2026",📢【サンリオファン・岐阜旅行予定の方必見】 ぎふ金華山ロープウェイから、めちゃくちゃ可愛いサンリオキャラクターズとの限定コラボアイテムが発売されました！現地でしか手に入らない特別デザインです✨ 🏯 デザインのポイント ・岐阜城の背景に映える着物姿のクロミ＆マイメロディ https://t.co/Fb4Ey3xGcu,https://x.com/sanrio_fan_jp/status/2081045947350667617,14967,114,1446,15,11,1,0,9,34,42,3,3,0
451,2074300222726095075,"Tue, Jul 7, 2026",＼ #はなまるおばけ POP-UP STORE 開催決定！🍒🎂／ 7/31(金)よりキデイランド15店舗にて「ハナマルバースデースイーツ POP-UP STORE」がスタート！ まるまるのお誕生日をテーマにした可愛い新商品がたっぷり登場します✨限定ノベルティやグリーティング情報も要チェックです🥺💖 ▼詳細はこちら https://t.co/jAWi6kDvnw,https://x.com/sanrio_fan_jp/status/2074300222726095075,157091,2400,22846,671,160,4,2,606,355,589,2,337,0
452,2070059234713297142,"Thu, Jun 25, 2026",＼ローソン限定で登場決定！💙🖤／ 6月30日(火)から、ローソン一部店舗にて「Angel×Devil ハローキティ シリーズ」が発売されます！👼😈 天使と小悪魔、どちらのキティちゃんも魅力的すぎて選べない可愛さ…！毎日使える実用的なアイテムが揃っています。 🛍️ ラインナップ（税込） https://t.co/AfcY0Nf823,https://x.com/sanrio_fan_jp/status/2070059234713297142,85180,866,10278,180,29,2,1,96,65,172,1,15,0
453,2072911336615575889,"Fri, Jul 3, 2026",詳細はこちら💁‍♀️ https://t.co/8kbweNQW4v,https://x.com/sanrio_fan_jp/status/2072911336615575889,1033,1,87,0,0,0,0,0,0,43,43,0,0
454,2079412571178955141,"Tue, Jul 21, 2026",＼サンキューマート×サンリオ新作🎁/ レトロかわいいサンリオ新商品が全78アイテムの超ボリュームで登場✨ キティ、ポチャッコ、マイメロ、ばつ丸、プリン、けろっぴが勢揃い。全部390円(税込429円)！ 📅WEB予約：7/22(水)12:00〜 店頭：8月中旬〜 #サンキューマート #サンリオ https://t.co/DwT2ttlXWs,https://x.com/sanrio_fan_jp/status/2079412571178955141,62103,688,9388,137,64,4,0,110,111,193,3,53,0
455,2095275676765241424,"Wed, Sep 2, 2026","【新グッズ情報】 『TODIARIES×サンリオキャラクターズ』新作カラビナキーホルダーが登場！ ウサハナ（3,960円）やハローキティのリボン（3,850円）の日本製カラビナが仲間入り。伊勢丹新宿店のポップアップ（9/8～9/13）にて予約・販売開始！ #サンリオ #TODIARIES #ウサハナ #ハローキティ https://t.co/bw0ktKdidA",https://x.com/sanrio_fan_jp/status/2095275676765241424,95330,1216,11656,173,30,0,0,124,202,228,21,82,0
456,2100352601460199491,"Wed, Sep 16, 2026",🌟💖【 🖤 海外グッズ情報 🖤 】💖🌟 ✨🚨 韓国Venhit × Kuromi コラボアイテム登場 🚨✨ 韓国の人気ブランド「Venhit」から、クロミとのスペシャルコラボコレクションが販売中💜🖤 クロミのお耳付きフードや刺繍グラフィックなど、こだわりが詰まった最高にかわいいアパレルアイテムが勢ぞろい！ https://t.co/rPVxRw2UE4,https://x.com/sanrio_fan_jp/status/2100352601460199491,9908,204,1192,40,5,0,0,25,12,18,3,6,0
457,2078268074940101118,"Fri, Jul 17, 2026",\海外情報/ちまきに包まれてるサンリオのみんな、愛おしすぎて胸が苦しい…ッ！😭💚 台湾のKHTOYっていうブランドのぬいぐるみブラインドボックス（盲盒）なんですけど、発想が天才すぎませんか？ https://t.co/9e6atj0F6P,https://x.com/sanrio_fan_jp/status/2078268074940101118,17834,136,1233,37,14,0,0,27,30,43,0,4,0
458,2072527725789851880,"Thu, Jul 2, 2026",Amazonリンクはこちら💁‍♀️#pr https://t.co/aSPQkMK09t,https://x.com/sanrio_fan_jp/status/2072527725789851880,1050,2,10,0,0,0,0,0,0,3,5,0,0
459,2077595681624355167,"Thu, Jul 16, 2026",海外人気商品 韓国storinus x サンリオのスマートウォッチ充電スタンドが優秀すぎる上に激かわ🧁 クロミやシナモロールのカップケーキ型デザイン✨円盤をひっくり返せばApple WatchもGalaxy Watchも両対応！バンドを外さず置くだけ、ケーブルもすっきり収納できてデスクの癒やしに最高です。 https://t.co/Ia1E33LCf1,https://x.com/sanrio_fan_jp/status/2077595681624355167,17008,242,1464,53,8,0,0,31,38,43,3,1,0
460,2069631146191913391,"Wed, Jun 24, 2026","サンリオから夏の新作「キャラキラ祭り！デザインシリーズ」が7/3(金)発売決定！ 浴衣姿のマスコット（2,497円）や、ラメ入りヨーヨー風チャーム（990円）、オーロラ加工の前髪クリップ（792円）など夏全開の可愛さ。 ※九州や一部地域は7/4(土)発売なので注意です⚠️ #サンリオ #新作グッズ https://t.co/8zLaBM8Vb9",https://x.com/sanrio_fan_jp/status/2069631146191913391,64424,782,9666,106,34,2,1,110,117,260,1,6,0
461,2072978509819969646,"Fri, Jul 3, 2026",キディランドからウサハナの新シリーズが2026年8月中旬頃に先行発売決定！🐰💖 ウサハナ初となる「スタイルアップマスコット」や「リールマスコット」など、お出かけやぬい撮りにぴったりな激かわアイテムが勢揃いします。ハート型のカラビナも可愛すぎて絶対にお迎えしたい…！ https://t.co/BFNDjwFIjb,https://x.com/sanrio_fan_jp/status/2072978509819969646,64410,800,4529,106,38,3,1,140,107,144,3,15,0
462,2080139009570033972,"Thu, Jul 23, 2026",＼サンリオ新作情報👼🎀／ 人気シリーズ第3弾「ミニミニ Chibi ぬいぐるみマスコット サンリオキャラクターズ Part.3」が2026年10月に発売決定✨ 天使風デザインでふわふわ可愛いハローキティやシナモロールなど全8種。コンプリートBOXも登場します！ #サンリオ #新商品 #推し活 https://t.co/AoSdOZZ2Ep,https://x.com/sanrio_fan_jp/status/2080139009570033972,71038,1048,9072,165,50,4,0,118,116,209,3,19,0
463,2090259147472425240,"Thu, Aug 20, 2026",【海外グッズ情報】韓国！最かわコラボ上登場🥔 ポムポムプリンとカカオフレンズのチュンシクが奇跡のコラボ！ テーマはなんと「じゃがいも収穫」です👩‍🌾 公開されたビジュアルがどれも可愛すぎて、全アイテム揃えたくなるレベル…！麦わら帽子を被った二人に癒やされます。 https://t.co/WuZjYrCzGM,https://x.com/sanrio_fan_jp/status/2090259147472425240,21348,147,2183,36,14,0,0,40,25,49,3,3,0
464,2098431940575797694,"Fri, Sep 11, 2026",【韓国新商品情報】 大人気SPAブランド「SPAO」より、愛らしいペルシャ猫「チャーミーキティ」とのコラボコレクション『SPAO x CharmmyKitty Edition』が登場！🎀✨ 大人サイズだけでなく「SPAO KIDS」でのキッズ展開もあり、親子リンクコーデも楽しめる豊富なラインナップです親子 https://t.co/I7TDcmItWv,https://x.com/sanrio_fan_jp/status/2098431940575797694,5439,41,452,13,0,1,0,8,20,31,4,6,0
465,2076783061971484731,"Mon, Jul 13, 2026",台湾のプリンくん30周年ポップアップで売ってる洗顔ヘアバンドが天才的な可愛さ…😭🌭 ホットドッグからひょっこりお顔を出してるプリンくんがたまらない！ふわふわ素材で毎日の洗顔タイムが幸せになりそう。海外限定のこういうユニークなデザイン、本当に欲しくなっちゃいます💛 #ポムポムプリン https://t.co/1YCQFbyQgo,https://x.com/sanrio_fan_jp/status/2076783061971484731,19633,322,1225,41,23,0,0,55,47,31,6,6,0
466,2089602884342272153,"Tue, Aug 18, 2026","【予約情報まとめ】ポムポムプリン30周年記念宿泊プラン🍮 🏨ホテルニューオータニ博多 📅宿泊期間：2026年10月〜12月 ⏰予約開始：9月1日(火) 10:00〜（Web限定） 💰料金：1室1名 40,000円〜 / 1室2名 60,000円〜 🛏1日2室限定 30周年限定グッズ（ハット・ボトル等）が手に入る限定プランです✨ https://t.co/oGrK6doEzO",https://x.com/sanrio_fan_jp/status/2089602884342272153,183449,2948,18092,492,323,12,1,465,219,526,11,34,0
467,2097615683668631585,"Wed, Sep 9, 2026",JR京都駅にて「モルガ×サンリオキャラクターズ POP-UP STORE」が開催決定🎨✨ オーストラリアの人気アーティスト・MULGA（モルガ）描き起こしデザインの限定グッズが多数登場！ 会期：9/10(木)〜9/24(木) 場所：エキマル ア・ラ・モード京都mini 詳細はこちら💁‍♀️ https://t.co/jKHRcFdYVQ #サンリオ https://t.co/Hr1em3r9kb,https://x.com/sanrio_fan_jp/status/2097615683668631585,28323,200,4064,51,26,0,0,28,33,123,98,9,0
468,2075024978546954610,"Thu, Jul 9, 2026",サンリオの新作「キャラめきシールふれんず」が可愛すぎる……。 ぷっくりした立体的なシールやビーズがシャカシャカ動くシール、きれいにコレクションできるクリア素材のバインダーまで揃ってて全部集めたくなるやつ。 今週7月15日(水)から順次発売です。 #サンリオ #キャラめきシールふれんず https://t.co/CtNZSCYPT2,https://x.com/sanrio_fan_jp/status/2075024978546954610,15174,79,2316,15,6,1,1,9,27,29,2,11,0
469,2079616000039993566,"Tue, Jul 21, 2026",予告＼サンリオの新作食玩情報🎀/ バンダイから“トゥンカロン”風マスコット付き『サンリオキャラクターズ トゥンカロン＆ふわもぎゅグミ』が新登場✨ ハローキティやシナモロールなどシークレット含む全9種！ホワイトソーダ味のグミ付き🍬 📅発売：2027年1月 💰価格：385円(税込) #サンリオ #食玩 https://t.co/GJtIAOsiWp,https://x.com/sanrio_fan_jp/status/2079616000039993566,18255,397,1697,63,16,0,0,37,20,38,4,4,0
470,2099403616910245974,"Mon, Sep 14, 2026","【商品情報】Toutou × ハローキティ コラボ 二つ折り財布 ◆ 価格 ・4,523円（税込） ※Amazon等にて割引クーポン（4,070円）対象の場合あり ◆ カラーバリエーション（全3色） 1. クリームホワイト（赤リボン×黄色チーズ） 2. 黒（銀リボン×銀チーズ） 3. 銀（ピンクリボン×ピンクチーズ） ◆ https://t.co/LCJhA0AWrO",https://x.com/sanrio_fan_jp/status/2099403616910245974,15591,170,1062,31,3,0,0,18,20,77,76,3,0
471,2100585795426115634,"Thu, Sep 17, 2026",🌟💖【 🛍️ サンリオ新作予約販売中🛍️ 】💖🌟 Amazonで「ミニチュアパッケージチャームシリーズ」の一部予約販売中🎉✨ パッケージ入りのおもちゃみたいな立体マスコット＆小物パーツが可愛すぎる…😭全16種・各990円（税込）🛍️売り切れる前に予約必須です💖 Amazonでチェックする🛒 https://t.co/NXfihTChtV,https://x.com/sanrio_fan_jp/status/2100585795426115634,12014,68,1368,9,0,0,0,5,10,112,102,4,0
472,2084926278478766142,"Wed, Aug 5, 2026",【海外グッズ】中国のHOLLY BOXから発売された「ボアカードホルダー」が話題！🐼✨ ✨注目のポイント ・フワフワのボア素材×ハイクオリティな刺繍デザイン ・バッグにぶら下げられる同色のボアストラップ付き ・トレカ、チェキ、ICカードの持ち運びにピッタリ 🎁ラインナップ（全6種） https://t.co/KagYzxeEy7,https://x.com/sanrio_fan_jp/status/2084926278478766142,34601,287,3259,76,10,1,0,30,61,96,2,20,0
473,2084574674705678568,"Tue, Aug 4, 2026",【海外サンリオ新作情報】 TOP TOYより、ハローキティの新作ぬいぐるみマスコットブラインドボックス「Hello Kitty 治癒森林（ヒーリングフォレスト）シリーズ」が発表されました！🌲ふわふわの大尾巴（大きな尻尾）がチャームポイントの癒ややし満点コレクションです✨ --- 商品詳細 https://t.co/2rRffU3AqU,https://x.com/sanrio_fan_jp/status/2084574674705678568,19276,54,709,24,2,1,0,12,23,77,1,5,0
474,2101881036816945279,"Mon, Sep 21, 2026",🌟💖【 🎀 海外グッズ情報 🎀 】💖🌟 TOP TOYから「Hello Kitty Little Family Series」ブラインドボックスが登場！2026年9月25日発売🗓️✨ ピクニックや学校、おうち時間などの日常シーンを再現（ノーマル8種＋シークレット1種）🐱💓 #ハローキティ #TOPTOY #ブラインドボックス https://t.co/wDnRJAey0d,https://x.com/sanrio_fan_jp/status/2101881036816945279,5216,61,522,10,3,0,0,17,8,2,1,0,0
475,2082775604152459445,"Thu, Jul 30, 2026",【シリーズ展開キャラクター🌸】 ハローキティ（椿）/ マイメロディ（桜）/ クロミ（菊）/ シナモロール（朝顔）#pr 楽天で在庫チェック🛒 https://t.co/tZEtLxWKmI,https://x.com/sanrio_fan_jp/status/2082775604152459445,1410,3,110,1,1,0,0,1,0,50,55,1,0
476,2099459973222990088,"Mon, Sep 14, 2026","【おすすめグッズ】サンリオキャラクターズ おくるみマスコット 和柄✨ 和柄のおくるみ×おやすみ表情がたまらないふわふわマスコット！ 🌸 ラインナップ（全5種） ・ハローキティ ・シナモロール ・マイメロディ ・クロミ ・ハンギョドン 🌸 価格・仕様 ・価格：1,430円（税込） https://t.co/uarSIuy3MD",https://x.com/sanrio_fan_jp/status/2099459973222990088,16704,210,2210,41,5,1,0,29,20,67,54,3,0
477,2082746199803916362,"Thu, Jul 30, 2026",江戸越屋からサンリオキャラクターズとコラボした「国産フレーバーティー（全8種）」が新登場！🍵✨ https://t.co/EeO0Uk8GLm,https://x.com/sanrio_fan_jp/status/2082746199803916362,46210,913,2960,202,82,0,0,153,167,196,13,139,0
478,2088766338965848233,"Sat, Aug 15, 2026",【再販情報】ドリームトミカ サンリオキャラクターズコレクション4 🚗✨ タカラトミーから、大人気のドリームトミカ「サンリオキャラクターズコレクション4」が2026年9月下旬に再販決定！ネットショップ等で予約受付がスタートしています♪ https://t.co/FjFNE0nluD,https://x.com/sanrio_fan_jp/status/2088766338965848233,114458,1916,13824,328,233,8,0,246,122,978,702,66,0
479,2099617294007824771,"Mon, Sep 14, 2026",HELLO KITTY × UNITED ARROWS 🛍️✨ UNITED ARROWSのショッパーからハローキティがちょこんとお顔を覗かせている、可愛すぎるコラボチャーム！ ────────────── ✨ デザインのポイント ────────────── ・ショッパーから顔を覗かせるキャッチーな立体デザイン https://t.co/LNhs2EycqW,https://x.com/sanrio_fan_jp/status/2099617294007824771,9879,110,692,15,1,0,0,17,13,95,62,4,0
480,2081503814964936711,"Sun, Jul 26, 2026",📢【海外トレンド】TOP TOY × ハローキティ「甜果物語シリーズ」発売開始チャーム 中国の人気デザイナーズトイブランド「TOP TOY」から、ハローキティのめちゃくちゃ可愛いミニフィギュアチャーム（微縮吊卡）が登場しました！ https://t.co/xQLhUglsTJ,https://x.com/sanrio_fan_jp/status/2081503814964936711,79912,771,10153,199,37,4,0,98,83,136,1,15,0
481,2086420335675805900,"Sun, Aug 9, 2026",海外新作情報💕＼キティ＆ダニエルの世紀の結婚式！新作ブラインドボックス登場💒✨／ TOP TOY（トップトイ）から、ハローキティとディアダニエルのウェディングテーマのフィギュア「Hello Kitty &amp; Dear Daniel Century Wedding Series Blind Box Figures」が発売決定！ https://t.co/i3PGKCak6H,https://x.com/sanrio_fan_jp/status/2086420335675805900,15403,180,902,36,13,0,0,41,26,46,4,4,0
482,2094194694347706513,"Sun, Aug 30, 2026",【韓国グッズ情報】 OLIVE YOUNG X SANRIO EDITION🎀 韓国で大人気のヘルス＆ビューティストア「OLIVE YOUNG（オリーブヤング）」と「サンリオキャラクターズ」のコラボプロモーションに、バッグブランドの「branden.」が参加！ https://t.co/Q8SWlIxsJo,https://x.com/sanrio_fan_jp/status/2094194694347706513,8534,54,727,13,2,0,0,9,13,39,2,10,0
483,2092531468920877401,"Wed, Aug 26, 2026",＼第一パンからサンリオキャラクターズのパンが登場！／ 9月1日（火）より、オリジナルデザインのシールが1枚付いたコラボパンが順次発売されます✨ 【商品ラインナップ】 📅9月1日（火）発売 ・ポムポムプリンのかぼちゃプリン風クリームパン ・シナモロールのしっとりキャラメル蒸しケーキ https://t.co/WSM5QI6hdx,https://x.com/sanrio_fan_jp/status/2092531468920877401,220744,1780,32457,481,193,12,1,339,176,637,22,47,0
484,2083067318159163558,"Fri, Jul 31, 2026",【🇰🇷海外サンリオ最新情報】これは激レア…！韓国プロサッカーリーグ「Kリーグ」とサンリオキャラクターズの公式ライセンスコラボアイテムが登場！⚽️🔥 https://t.co/R7ZWtFi0me,https://x.com/sanrio_fan_jp/status/2083067318159163558,4905,7,289,2,1,0,0,1,12,18,1,6,0
485,2099816824192049587,"Tue, Sep 15, 2026",＼⚠️【新作コラボ情報】📣✨／ 💜🖤 ANNA SUI mini 仕様のクロミが登場 🖤💜 クロミファン必見…！大注目コラボアイテムが解禁になりました🥹💖 インパクト大のフェイス型ファーBIGトートをはじめ、日常のおしゃれを格上げしてくれるTシャツやパンツが登場します✨ 🛍️【ITEM LINEUP】 https://t.co/KMIfSDimVe,https://x.com/sanrio_fan_jp/status/2099816824192049587,7520,102,573,18,1,0,1,16,26,16,3,8,0
486,2069901230550470984,"Wed, Jun 24, 2026","＼韓国bloomingtale×キティ限定デザイン／ これからの季節にぴったりなハローキティの晴雨兼用傘が可愛い☂️✨ ・3段 レオパード折りたたみ傘：33,000ウォン ・60 ア レイン オブ リボン長傘：35,000ウォン ・3段 メイド折りたたみ傘：33,000ウォン DEWSPO素材を使用しており、UVカット率は90%以上◎ https://t.co/FGrFzSn59z",https://x.com/sanrio_fan_jp/status/2069901230550470984,2734,11,151,2,2,0,0,3,3,6,0,0,0
487,2082467076065960203,"Wed, Jul 29, 2026",【海外最新グッズ】🇹🇼台湾の「KHTOY」から、楽しすぎるサンリオ新作「可麗餅系列盲盒（クレープシリーズ ブラインドボックス）」が登場しました！ https://t.co/ALVtyQUZuO,https://x.com/sanrio_fan_jp/status/2082467076065960203,22102,276,1896,57,14,0,0,52,28,52,0,1,0
488,2085278333282226502,"Thu, Aug 6, 2026",＼はぴだんぶい ポップアップ情報ショップ／ 「はぴだんぶい 誰推し？ POP-UP STORE」が東京駅ワゴンで開催決定✨ ロフトで大人気だったイベントが新グッズを携えて登場！ポチャッコやバッドばつ丸たちの限定グッズが盛りだくさんです🛍️ 🗓️8/14(金)〜8/27(木) 📍東京駅一番街 #はぴだんぶい https://t.co/xfu7ZypAU9,https://x.com/sanrio_fan_jp/status/2085278333282226502,131677,1498,27607,332,191,4,0,193,172,504,17,43,0
489,2072435906137731334,"Wed, Jul 1, 2026",気になる方はこちら💁‍♀️#pr Amazonリンク🔗 https://t.co/Y29tCIiRvd 楽天リンクはこちら💁‍♀️ https://t.co/RFI8jDKWMV,https://x.com/sanrio_fan_jp/status/2072435906137731334,1105,2,20,0,0,0,0,0,0,9,8,1,0
490,2082991636662083944,"Fri, Jul 31, 2026",8月26日の「パタパタペッピー」のお誕生日を記念して、8月8日(土)からアベイルに新作アイテムが大量登場！🎂✨ ぷっくり可愛いマスコットチャームやバッグ、日常使いしやすいクッションやTシャツまで充実のラインナップです。オンラインは同日12:00からスタート！ #パタパタペッピー #アベイル https://t.co/gfh833T1Q7,https://x.com/sanrio_fan_jp/status/2082991636662083944,9775,100,727,22,9,6,1,22,24,73,4,10,0
491,2092012129973100942,"Mon, Aug 24, 2026",【香港サンリオ新商品】 サンリオキャラクターズ 夏限定リゾートシリーズ登場🌴 ✨日焼け肌デザインぬいぐるみ ✨浮き輪＆夏服コーディネート ✨紫外線（UV）で刺繍糸の色が変わる特別ストラップ仕様！ https://t.co/mrt9brUNlQ,https://x.com/sanrio_fan_jp/status/2092012129973100942,21108,240,2997,36,8,2,1,33,53,25,4,3,0
492,2076779052082593847,"Mon, Jul 13, 2026",台湾の高雄で「ポムポムプリン30周年記念ポップアップストア」が開催中！💛 ポムポムプリンが可愛く撮れる撮り方をまとめ✨保存して試してみてね。💕 https://t.co/a40Q81RJTs,https://x.com/sanrio_fan_jp/status/2076779052082593847,21605,405,2796,56,20,1,0,73,31,70,1,7,0
493,2087480678980149705,"Wed, Aug 12, 2026","【コラボイベント情報】 「しろたん×サンリオキャラクターズフェア」が2026年8月14日(金)よりキディランド13店舗で開催！🍈✨ フルーツコーデの限定マスコットや雑貨が登場！3,300円(税込)以上購入で限定ステッカーのプレゼントもノベルティ🎁 #しろたん #サンリオ #キディランド https://t.co/GdUGH1mhhj",https://x.com/sanrio_fan_jp/status/2087480678980149705,31812,195,2437,39,9,14,0,29,67,118,4,19,0
494,2082351170572751057,"Wed, Jul 29, 2026",ポチャッコ推しの方、必見！🐾✨ いっぱいしゃべっておうたも歌う、超豪華なおしゃべりぬいぐるみ「きみとおさんぽ♪おしゃべりポチャッコ」がバンダイから登場します！ 音センサーと振動センサーを搭載し、なんと70以上のセリフが収録されています！ https://t.co/QttyzrLza9,https://x.com/sanrio_fan_jp/status/2082351170572751057,26046,400,2471,73,48,2,0,70,28,178,178,10,0
495,2099396046283842001,"Mon, Sep 14, 2026",【プレミアムバンダイ】ポムポムプリン30周年記念！「おしゃべりポムポムプリン 30th anniversary!」が登場👑✨ 30周年を記念した描き下ろしデザインのお洋服を着た、豪華仕様のおしゃべりぬいぐるみです！ ────────────── 🛍️ 商品概要 ────────────── https://t.co/H4h9JaJCCJ,https://x.com/sanrio_fan_jp/status/2099396046283842001,18826,203,1666,32,18,1,0,25,16,125,117,5,0
496,2072125113139626292,"Wed, Jul 1, 2026",公式の詳細はこちら💁‍♀️ https://t.co/XGrhM41hQC,https://x.com/sanrio_fan_jp/status/2072125113139626292,1347,5,260,0,3,0,0,0,2,108,145,0,0
497,2083450669319782827,"Sat, Aug 1, 2026",＼ 9月上旬発売予定・予約受付中 🛒✨ ／ サンリオキャラクターズの立体デザインがキュートな「AirPods Pro 3対応 シリコンケース（全4種）」が新登場！ ポチャッコ、ハンギョドン、ばつ丸、ウサハナが衝撃からイヤホンを優しく守ります。便利なスピーカーホール＆ストラップループ付き💖 https://t.co/RmOO9EQVja,https://x.com/sanrio_fan_jp/status/2083450669319782827,13114,124,1012,22,4,0,1,20,19,53,1,2,0
498,2097077814835200131,"Mon, Sep 7, 2026",香港限定🇭🇰 https://t.co/enZmMeA6BI,https://x.com/sanrio_fan_jp/status/2097077814835200131,20911,170,1364,23,3,0,0,28,13,13,1,0,0
499,2071786666164097469,"Tue, Jun 30, 2026",森本産業楽天店はこちら💁‍♀️#pr https://t.co/XC0bRvgyIq,https://x.com/sanrio_fan_jp/status/2071786666164097469,1146,1,52,3,0,0,0,0,0,15,36,0,0
500,2071672568470437950,"Mon, Jun 29, 2026",公式の詳細はこちら💁‍♀️ https://t.co/JJo8WUWybl,https://x.com/sanrio_fan_jp/status/2071672568470437950,1771,1,290,0,1,0,0,0,2,141,146,0,0
501,2071355248535605580,"Sun, Jun 28, 2026",【2026年サンリオキャラクター大賞】台湾のトップ10が発表！日本との違いが面白い✨ 台湾公式から最終順位が公開されました。日本でおなじみの海外順位ですが、こちらも独自の盛り上がりを見せています！ 🌟注目ポイント ・ポムポムプリン（布丁狗）が1位を獲得！強い！ https://t.co/ZLY4yqQVBQ,https://x.com/sanrio_fan_jp/status/2071355248535605580,18226,126,1950,14,7,2,1,25,80,68,0,22,0
502,2084101213960937482,"Mon, Aug 3, 2026",詳細はこちら💁‍♀️ https://t.co/JJHzpkpy3X,https://x.com/sanrio_fan_jp/status/2084101213960937482,1054,1,37,1,0,0,0,0,1,16,19,0,0
503,2071007018681561124,"Sat, Jun 27, 2026",#pr 楽天リンクはこちら💁‍♀️ https://t.co/6cb54LvuQx Amazonリンクはこちら https://t.co/zQfv2JEAhm,https://x.com/sanrio_fan_jp/status/2071007018681561124,973,3,22,1,0,0,0,0,0,9,10,0,0
504,2095154219372499260,"Wed, Sep 2, 2026",【新グッズ情報】 100円ショップに『サンリオキャラクターズ』の新商品が登場！ ハート型リボンを身に着けたオリジナルデザイン🎀ミニクリアファイル、プチ巾着、各種キーホルダーなど全7アイテム（各110円）がラインナップ！✨ #サンリオ #100円ショップ #100均 https://t.co/eXTZCZ75vg,https://x.com/sanrio_fan_jp/status/2095154219372499260,168861,1929,23792,592,131,23,1,292,428,1616,66,152,0
505,2082990369025990989,"Fri, Jul 31, 2026",【新着グッズ情報】推し活バッグのデコやファッションのアクセントにぴったり！バンダイナムコヌイの“ぬいピン”シリーズから『ぬいピン サンリオキャラクターズ Part.2』が登場します！✨ ぷっくりとした質感と温かみのあるアップリケ仕様がとってもキュートなバッジです。 https://t.co/4K5ScWgKYk,https://x.com/sanrio_fan_jp/status/2082990369025990989,35033,227,4713,54,10,2,1,29,46,87,3,5,0
506,2077220720099352874,"Wed, Jul 15, 2026",詳細はこちら💁‍♀️ https://t.co/uAqVyHssEA,https://x.com/sanrio_fan_jp/status/2077220720099352874,1326,1,57,0,0,0,0,0,1,26,29,0,0
507,2101902311421575378,"Mon, Sep 21, 2026",🐬✨【 予約情報！PUTITTO サンリオ水族館2 】✨🐬 コップのフチに乗る可愛いフィギュアシリーズ第2弾が登場！海の生き物と戯れる姿がキュートすぎ…🥺💓 マイメロ/クロミ/ハンギョドン/プリン/サムの全5種！コンプ買い必至です✨ 楽天でチェックする🛒 https://t.co/CpQwa0iqSM #サンリオ https://t.co/4ShBMiJ4je,https://x.com/sanrio_fan_jp/status/2101902311421575378,4103,53,323,12,5,0,0,5,6,34,30,3,0
508,2075025036868735338,"Thu, Jul 9, 2026",詳細はこちら💁‍♀️ https://t.co/7OGGEwHAB3,https://x.com/sanrio_fan_jp/status/2075025036868735338,1320,1,99,1,1,0,0,0,0,52,46,0,0
509,2092026942254157902,"Mon, Aug 24, 2026",【海外グッズ情報】 TOP TOYからサンリオキャラクターズの新作マスコット「三丽鸥家族蜜语贴贴系列毛绒挂饰盲盒」が登場！ https://t.co/4OllptmxA9,https://x.com/sanrio_fan_jp/status/2092026942254157902,13870,182,967,35,18,0,0,34,26,46,2,6,0
510,2075128572558364815,"Thu, Jul 9, 2026",＼ 📢 セガプライズ新作！7月10日より順次登場 📢 ／ サンリオキャラクターズから、推し活にぴったりな可愛いマスコット3種がUFOキャッチャーに仲間入りします 🎙️💚 🎀 ラインナップ詳細 ① ゆるかわ サンリオキャラクターズ マスコット ✨ Stand Up Dream！ Vol.1 （マイメロディ / クロミ / https://t.co/f187pG13tL,https://x.com/sanrio_fan_jp/status/2075128572558364815,23630,128,2581,27,8,1,0,21,23,55,0,3,0
511,2088473753345048667,"Sat, Aug 15, 2026",【サンリオ新商品】8/19(水)より順次発売！🎀 お弁当作りが楽しくなるキッズ用ランチグッズ、なりきり気分を楽しめるフェイスデザインヘアバンド、お風呂タイムを盛り上げるマスコット水でっぽうが登場✨ オンラインショップは8/19 10:00〜販売開始！ #サンリオ #ハローキティ #新商品 https://t.co/Xnutu2o1Oa,https://x.com/sanrio_fan_jp/status/2088473753345048667,80310,489,10580,77,19,14,0,37,143,861,10,30,0
512,2090569895142633786,"Thu, Aug 20, 2026",【サンリオ海外新商品情報】香港の中環にあるビル一棟丸ごとサンリオの主題旗艦店「Sanrioworld+ Hong Kong」にて、香港限定＆新作アイテムが多数上架中！🇭🇰✨ ビル全体でフォトスポットや限定グッズが楽しめる注目のショップです♪ --- 🛁 サンリオキャラクターズ 泡泡浴桶（バブルバス）シリーズ https://t.co/QB5Arz58gy,https://x.com/sanrio_fan_jp/status/2090569895142633786,8428,47,945,7,2,0,0,5,25,58,0,3,0
513,2090347430382587941,"Thu, Aug 20, 2026",【サンリオ新商品情報】ドン・キホーテ限定！サンリオキャラクターズの新作アパレルが登場♪ お尻部分に立体のフェイスアップリケが付いた、インパクト抜群で可愛いボトムスシリーズが発売されました！ https://t.co/3IC2RSDh6I,https://x.com/sanrio_fan_jp/status/2090347430382587941,17582,79,1684,21,13,1,1,15,61,190,4,5,0
514,2070640364344721524,"Fri, Jun 26, 2026",Amazonリンクはこちら💁‍♀️#pr https://t.co/Fc9DhWxpSA,https://x.com/sanrio_fan_jp/status/2070640364344721524,1159,1,199,0,0,0,0,0,1,82,115,0,0
515,2097212289309106670,"Tue, Sep 8, 2026",【新情報】 ナースアイテム通販の「ナースリー（NURSERY）」より、サンリオキャラクターズとのコラボを予告する「coming soon...」画像が公開！🩺✨ 旗を持ったキャラクターたちのシルエットが登場しています。続報を楽しみに待ちましょう！ #ナースリー #サンリオ #サンリオグッズ https://t.co/DF4xSPV7dU,https://x.com/sanrio_fan_jp/status/2097212289309106670,11495,202,521,26,3,1,0,23,90,22,2,39,0
516,2097815286531736005,"Wed, Sep 9, 2026","＼9/21(月)発売予定／ リーメントから「ポムポムプリン ぬくもりおうち時間」が登場🍮✨ こたつや鍋、ストーブなど、あったか冬アイテムが盛りだくさん！こたつ布団はなんと本物みたいな布製です布 全8種類 / 1,320円(税込) 楽天でチェックする🛒 https://t.co/uQdXD3w2oz Amazonでチェックする🛒 https://t.co/Rhm0c35RJQ",https://x.com/sanrio_fan_jp/status/2097815286531736005,20928,282,3134,54,16,2,0,26,21,73,62,5,0
517,2093507281153626403,"Sat, Aug 29, 2026","お行儀よく座るぬいぐるみ「ちょっこりさん」に、抹茶スイーツを持ったサンリオキャラクターズが登場🍵お部屋に飾ったりぬい撮りにもぴったり✨何が出るかお楽しみのミステリーBOX仕様全6種（シークレット1種含む）！ 📅2026年10月発売 💰1,760円(税込) #サンリオ #ちょっこりさん #新作グッズ https://t.co/0hdfeyfwRd",https://x.com/sanrio_fan_jp/status/2093507281153626403,7451,90,286,12,1,0,1,12,12,39,1,2,0
518,2071426169334112325,"Mon, Jun 29, 2026",Amazonリンクはこちら💁‍♀️ https://t.co/MfUeKMxrnr 楽天リンクはこちら💁‍♀️ https://t.co/U3UtSwmk8r #pr,https://x.com/sanrio_fan_jp/status/2071426169334112325,2026,2,23,1,0,0,0,0,0,9,12,0,0
519,2084083833197236506,"Mon, Aug 3, 2026",ポムポムプリン30周年×石川県小松市の魅力発信クラウドファンディングが10/31まで実施中🍮✨ 限定のオリジナルぬいぐるみや織ネーム、可愛いプリンスイーツなど特別なふるさと納税返礼品が多数登場！11月開催のライブショー鑑賞券やグリーティング参加券も🎫 #ポムポムプリン https://t.co/kjvzRbZu46,https://x.com/sanrio_fan_jp/status/2084083833197236506,42405,560,5377,153,120,0,0,100,47,112,6,12,0
520,2071715583041941821,"Mon, Jun 29, 2026",詳細はこちら💁‍♀️ https://t.co/BCjNTCLjGr,https://x.com/sanrio_fan_jp/status/2071715583041941821,1141,1,91,0,0,0,0,0,0,55,35,0,0
521,2071576801965756721,"Mon, Jun 29, 2026",Amazonリンクはこちら💁‍♀️#pr https://t.co/oSWkbPS1mY,https://x.com/sanrio_fan_jp/status/2071576801965756721,1403,2,24,0,0,0,1,0,1,12,7,1,0
522,2088960026279076059,"Sun, Aug 16, 2026",【新作情報】はぴだんぶい×PEZ×ear PAPILLONNER コラボ第二弾✨ 大人気のカラビナ付きケースに加え、新型のお財布、リップチャーム、ポーチ付きバッグなど全6型がラインナップ！ ■販売スケジュール ・8/19(水) 18:30〜 インスタライブ配信 ・8/20(木) 7:00〜 予約スタート #はぴだんぶい #PEZ #ear https://t.co/7kxE7SWzMC,https://x.com/sanrio_fan_jp/status/2088960026279076059,146395,2506,19901,636,169,14,1,326,505,405,23,238,0
523,2081185745377861741,"Sun, Jul 26, 2026",Amazonでお得な価格🔗#pr https://t.co/zsZ5FedSuZ,https://x.com/sanrio_fan_jp/status/2081185745377861741,1276,0,17,0,0,0,0,0,0,4,13,0,0
524,2071672564792115288,"Mon, Jun 29, 2026",＼7月3日(金)発売！サンリオ新作まとめ情報✨／ 今週金曜日に登場する、サンリオオリジナルの大注目新シリーズを一挙にご紹介！どれも可愛すぎてお財布の紐が緩みそうです…💸 🎀ラインナップ ①ピアノちゃんのおめかしピアノはっぴょう会デザインシリーズ ②キャラキラ祭り！デザインシリーズ ③MR. https://t.co/tEVdjrqddp,https://x.com/sanrio_fan_jp/status/2071672564792115288,21470,197,2818,25,6,1,1,19,57,29,2,13,0
525,2092767966043771108,"Thu, Aug 27, 2026",＼大人気キャラクターが魔法のタワシに！／ ブティック社より、書籍『サンリオキャラクターズの魔法のタワシ』が8月31日に発売されます✨ アクリル毛糸で編むタワシは、洗剤を使わずに汚れを落とせるスグレモノ！ミトン型やパペット型、ポシェットなど可愛い作品が盛りだくさんです。 【書籍情報】 https://t.co/gheSDnKctp,https://x.com/sanrio_fan_jp/status/2092767966043771108,61887,491,10340,146,29,0,0,41,42,411,373,33,0
526,2072136192490090987,"Wed, Jul 1, 2026",▼詳細はこちらから！ https://t.co/aBcaKTmq20,https://x.com/sanrio_fan_jp/status/2072136192490090987,1377,1,32,0,0,0,0,0,1,15,15,0,0
527,2079375382445470169,"Tue, Jul 21, 2026",＼しまむら×サンリオ新作！🎀/ 7/25(土)より全国のしまむら店舗＆オンラインでサンリオグッズが発売✨ ペアキーホルダーや、キラキラのホロカップ、平成レトロ感のあるキティのガチャ風ミニチュアなど大注目ラインナップ！ 🛒オンライン：同日15:00〜 #サンリオ #しまむら #推し活 https://t.co/2QhaZaVHgG,https://x.com/sanrio_fan_jp/status/2079375382445470169,51256,551,5842,94,21,69,0,59,85,824,22,9,0
528,2070329663780737433,"Fri, Jun 26, 2026",詳細はこちら💁‍♀️ https://t.co/rHOf3ZoISv,https://x.com/sanrio_fan_jp/status/2070329663780737433,805,2,43,0,0,0,0,1,1,21,18,0,0
529,2071430626029556105,"Mon, Jun 29, 2026",詳細はこちら https://t.co/bcMjLQnEBb,https://x.com/sanrio_fan_jp/status/2071430626029556105,1536,3,84,1,1,0,0,0,1,41,39,0,0
530,2069582787477397690,"Wed, Jun 24, 2026",＼✨SKZOO×サンリオのコラボグッズが神がかった可愛さだけど😭／ SKZOOメンバーとサンリオキャラクターズが奇跡のドッキングを果たしたポップアップアイテム👍 悶絶級のラインナップを振り返り👇 ミニマスコットぬいぐるみ https://t.co/HWB7UGI0zG,https://x.com/sanrio_fan_jp/status/2069582787477397690,27936,53,4099,22,8,2,0,6,93,48,1,13,0
531,2094193361729290253,"Sun, Aug 30, 2026",アマゾンでチェック🛒 #pr https://t.co/BMkPZe5bsH,https://x.com/sanrio_fan_jp/status/2094193361729290253,1843,3,51,1,0,0,0,0,0,22,25,1,0
532,2080419107040821645,"Thu, Jul 23, 2026",海外限定 ＼Razer×サンリオが最強コラボ🎮💖／ Razerからサンリオキャラのブラインドボックスキーキャップが登場！ PCやコントローラーを持ったゲーマー仕様のキティ、クロミ、マイメロ、シナモン、プリンが可愛すぎる…！シークレットも有り。海外小売店Target限定で展開中✨ #Razer #サンリオ https://t.co/NHHroyIR9G,https://x.com/sanrio_fan_jp/status/2080419107040821645,17363,254,1750,33,15,0,0,35,25,54,1,7,0
533,2094597816006107603,"Tue, Sep 1, 2026",【ガチャ新商品情報】 ハロウィン衣装のおばけ姿がとってもキュート！ 「サンリオキャラクターズ めじるしアクセサリー Halloween!」がガシャポン®に登場します🎃👻✨ わっかパーツとカニカン付きで、持ち物の目印やチャームとしても大活躍！初回発売後、複数回の出荷も予定されています。 https://t.co/KQ0NfGt1RF,https://x.com/sanrio_fan_jp/status/2094597816006107603,15993,74,1794,11,5,0,0,13,30,36,7,6,0
534,2075387111201771686,"Fri, Jul 10, 2026",＼ついに本日よりスタート！／ マクドナルドのハッピーセットに、大人気のサンリオキャラクター「シナモロール」のおもちゃが登場しました🐶✨ 今回始まる第1弾の期間は【7月10日(金)〜7月16日(木)】の1週間限定となっています。 【第1弾の可愛いラインナップ（全3種）】 https://t.co/OhsdoHJstk,https://x.com/sanrio_fan_jp/status/2075387111201771686,38776,431,4573,48,15,2,2,66,43,86,6,23,0
535,2088759120879067482,"Sat, Aug 15, 2026",【海外グッズ情報】tokidoki×サンリオの秋限定フィギュアが登場🎃🍂 シナモロールがユニコーンキャラクター「Autumn」に乗ったパンプキンスパイスデザインのスペシャルエディション✨ かぼちゃやおちばモチーフがかわいすぎます！ #サンリオ #シナモロール #tokidoki https://t.co/xkglnQshkY,https://x.com/sanrio_fan_jp/status/2088759120879067482,14816,161,797,15,3,0,0,17,21,19,1,1,0
536,2099674512149406081,"Tue, Sep 15, 2026",【新プライズ情報】 エイコーオリジナルアート「サンリオキャラクターズ ラブレターフォーユー」💌✨ お揃いのセーラー服を着てラブレターを手にした、甘くてかわいい限定シリーズが全国のアミューズメント施設に順次登場！ ────────────── 🗓️ 9月1週〜 登場アイテム https://t.co/7V43lfC6P6,https://x.com/sanrio_fan_jp/status/2099674512149406081,4082,38,143,7,1,0,0,3,4,10,1,0,0
537,2091994086828015650,"Mon, Aug 24, 2026",【新商品情報】 2027年1月18日発売予定！エフトイズから「サンリオキャラクターズ ふにゅまるクッションキーホルダー」が登場🎀 約65mm×60mmの手のひらサイズで、ころっと丸い形が可愛いクッションキーホルダー！表はおともだちをギュッと抱きしめたデザインで、うしろ姿にもロゴが入っています✨ https://t.co/5dPMwLCQWn,https://x.com/sanrio_fan_jp/status/2091994086828015650,11349,145,1017,27,6,0,0,27,15,89,23,1,0
538,2097807456315506925,"Wed, Sep 9, 2026","サンリオキャラクターズが点心になっちゃった！？🥟 おいしそうな中華の食べものをイメージした「HELLO 点心」ぬいぐるみシリーズが登場✨ チャームを付けられるループ付きです！ 価格：4,290円(税込) 発売：9/10(木) 10:00〜 楽天でチェックする🛒 https://t.co/uSx0nbvdpY #サンリオ https://t.co/H6LzJsFBi4",https://x.com/sanrio_fan_jp/status/2097807456315506925,24887,204,2848,35,12,2,0,32,39,298,279,11,0
539,2074036382977413404,"Mon, Jul 6, 2026",詳細はこちら💁‍♀️ https://t.co/6lZi4ANOBJ,https://x.com/sanrio_fan_jp/status/2074036382977413404,1503,0,23,0,0,0,0,0,2,10,11,0,0
540,2076822260833452261,"Tue, Jul 14, 2026",詳細はこちら💁‍♀️ https://t.co/IJWqSrH4rh,https://x.com/sanrio_fan_jp/status/2076822260833452261,1705,4,167,0,1,0,0,4,0,50,109,0,0
541,2072567343671291985,"Thu, Jul 2, 2026",韓国のキッズ寝具ブランド「Lavikit」とポチャッコが可愛すぎるコラボ…！🩵💤 絶壁防止の頭部枕やベビー枕のカバー、おねしょ対策の防水パッドまで揃う「ポチャッコ グッドナイトコレクション」。パステルイエローとブルーのストライプ柄に、すやすや眠るポチャッコが最高に癒やされます。 https://t.co/y3HwcsQXu8,https://x.com/sanrio_fan_jp/status/2072567343671291985,4090,22,524,5,0,0,0,6,6,13,0,0,0
542,2082775110600302871,"Thu, Jul 30, 2026",【新商品情報】日常に和の彩りを。スケーターから、大人のライフスタイルにも自然に溶け込む「サンリオキャラクターズ」の和柄シリーズが新たに仲間入りしました！風情ある和モダンなデザインがとっても上品です✨ https://t.co/bzSjl9zO9S,https://x.com/sanrio_fan_jp/status/2082775110600302871,21053,154,3660,34,12,0,1,19,34,33,1,2,0
543,2084119798108368921,"Mon, Aug 3, 2026",詳細はこちら💁‍♀️ https://t.co/bUJyRdlwvZ,https://x.com/sanrio_fan_jp/status/2084119798108368921,1282,1,67,1,1,0,0,1,0,28,37,0,0
544,2089228372702638241,"Mon, Aug 17, 2026",【海外限定新商品】TeeTurtle（ティータートル）のReversible Plushiesにサンリオキャラクターズのハロウィン版が登場💀🎃 ひっくり返すと表と裏で見た目がガラリと変化！ ・昼：チェック柄衣装のキュートな姿 ・夜：ガイコツ（スケルトン）風のスプーキーな姿 https://t.co/Y9vXd9nJZw,https://x.com/sanrio_fan_jp/status/2089228372702638241,29495,321,2328,49,17,3,1,48,40,51,3,5,0
545,2083036011526041604,"Fri, Jul 31, 2026",🇹🇼海外新作情報 台湾のブランド「Sky Blue（天藍小舖）」から、シナモロールのライフスタイルグッズコレクションが一挙に登場！🩵✨ https://t.co/71nHoFDRYc,https://x.com/sanrio_fan_jp/status/2083036011526041604,8221,173,720,23,11,0,0,19,12,14,2,1,0
546,2081894931338281341,"Tue, Jul 28, 2026",🇰🇷韓国サンリオ公式からお店の外観を一部を公開✨💕 https://t.co/lgyZtmUYsA,https://x.com/sanrio_fan_jp/status/2081894931338281341,16210,61,455,10,5,0,0,18,16,26,1,0,0
547,2099054119201972381,"Sun, Sep 13, 2026",海外（香港）🇭🇰のCATALOGからウサハナの誕生月特別コラボアイテムが香港で登場中🐰💐 カードケースやミニバッグ、お花キーホルダーブラインドボックス、シュシュ、トートなどファン歓喜の可愛すぎるラインナップ！香港店舗＆オンラインで発売中✨ #ウサハナ #USAHANA #サンリオ #海外サンリオ https://t.co/QwbMUNkMkH,https://x.com/sanrio_fan_jp/status/2099054119201972381,29913,323,2775,71,14,1,0,75,52,65,3,16,0
548,2082357781139742978,"Wed, Jul 29, 2026",サンリオファンの皆さん必見！🎀✨ サンリオショップ55周年を記念した特別なアイテム「えらんでぬいぐるみ＆ギフト缶ケース」が登場します！ https://t.co/rnImhBpFMQ,https://x.com/sanrio_fan_jp/status/2082357781139742978,118355,728,23801,185,65,49,4,101,205,1116,22,28,0
549,2085640446219567598,"Fri, Aug 7, 2026","【100均新商品】サンリオキャラクターズ ""MOGUMOGUシリーズ"" の紙食器が登場🍽️おやつをもぐもぐ頬張るデザインがかわいすぎる…！ おうちカフェやピクニック、BBQに大活躍間違いなしです✨ 広げた時の華やかさ抜群！ 📝商品ラインナップ（ALL 110円税込） ・紙皿 18cm ハローキティ MOGUMOGU https://t.co/RQbNC14pf1",https://x.com/sanrio_fan_jp/status/2085640446219567598,38969,500,4195,88,28,1,0,61,257,106,18,28,0
550,2073660297848483972,"Sun, Jul 5, 2026",【海外グッズ情報】PCモニターやデスクのフチにちょこんと掛けられる、「星採りハシゴフィギュア」が可愛すぎる…！ https://t.co/l2RMH7JeWd,https://x.com/sanrio_fan_jp/status/2073660297848483972,56413,640,7533,111,17,2,0,80,56,91,3,6,0
551,2082476315811463550,"Wed, Jul 29, 2026",持っているだけで優しい気持ちになれる、くらはしれい×サンリオの大人可愛いファブリックはこちらからチェック🧵 ▼詳細・ご購入はこちらから！#pr 楽天 https://t.co/SsIZlAbaq2 Amazon https://t.co/3rJ7zW2pxk,https://x.com/sanrio_fan_jp/status/2082476315811463550,2253,6,404,4,1,0,0,1,3,211,179,4,0
552,2087736236207411461,"Thu, Aug 13, 2026",あれ？聞いて無いけど✨ いちごの王さまなりきりシリーズ 公式で販売中💕 https://t.co/ntY3LCGZTo,https://x.com/sanrio_fan_jp/status/2087736236207411461,6159,38,190,6,0,0,1,9,20,21,2,0,0
553,2084191878938046674,"Mon, Aug 3, 2026",【新作グッズ情報】100円ショップにて、サンリオキャラクターズの「ジュエルキーホルダー」が新発売！🎀✨ メタリックなキラキラ感がたまらないデザイン。 https://t.co/l5luarUNKF,https://x.com/sanrio_fan_jp/status/2084191878938046674,344690,3299,60502,1066,327,61,6,577,616,2963,88,267,0
554,2082348669312151944,"Wed, Jul 29, 2026",サンリオファンの皆さん大注目！🎀✨ サンリオショップ55周年を記念した特別な新商品「ラッピングペーパーデザインシリーズ」が登場します！ “ギフト”をテーマにしたラッピングペーパー風のデザインに、「55 Years of Sanrio https://t.co/zyVqVjaFCl,https://x.com/sanrio_fan_jp/status/2082348669312151944,63424,253,3237,46,15,12,0,45,50,269,135,7,0
555,2076993495777398960,"Tue, Jul 14, 2026",かわいい〜〜〜💕 ＼バースデイ×サンリオ新作！🧸🍎／ いないいないばあがテーマの「Peek-a-boo Collection」が新登場！ キャラがひょっこり顔を出す遊び心満載のデザインです。 📅7/15(水)店舗発売開始！ 💻同日12:00〜オンラインストアもスタート！ お揃いコーデにもぴったり❤️ #バースデイ https://t.co/1E5z18QlHv,https://x.com/sanrio_fan_jp/status/2076993495777398960,9654,58,910,5,3,1,0,7,19,9,4,5,0
556,2072124645357289610,"Wed, Jul 1, 2026",2026年11月発売予定の「ハローキティ当りくじ」の予告が公開。 今回は赤のタータンチェックに黒い帽子を合わせた、秋冬にぴったりの大人クラシカルなデザイン。 ラインナップにはキャリーケースやぬいぐるみ、ミニトートなどが登場。ラストスペシャル賞のストールも実用性抜群で狙いたくなる可愛さ。 https://t.co/xjD5AXeAuy,https://x.com/sanrio_fan_jp/status/2072124645357289610,66288,941,7254,159,62,4,2,163,66,119,7,0,0
557,2084976863089431032,"Wed, Aug 5, 2026",サンリオ×RMAFのコラボグッズが店舗で登場！ウサハナとポチャッコのレトロポップなデザインが可愛すぎる…！✨ マスコットや巾着ポーチ、エコバッグ、ダイカットポーチ、シュシュなど日常使いにぴったりな全5アイテムを展開🛍️ #サンリオ #ウサハナ #ポチャッコ #RMAF #推し活 https://t.co/pFjRKP5kYA,https://x.com/sanrio_fan_jp/status/2084976863089431032,17690,139,2233,29,7,0,0,25,22,42,4,14,0
558,2075600346223956403,"Fri, Jul 10, 2026",台湾のサンリオコラボ列車「環島之星」、空間の作り込みが日本のコラボトレイン並み（それ以上！？）にガチ構成で可愛すぎ……！😭🇹🇼 https://t.co/zBQDIL7IaJ,https://x.com/sanrio_fan_jp/status/2075600346223956403,7956,66,585,16,7,0,0,12,9,12,3,6,0
559,2096056212899155992,"Sat, Sep 5, 2026",【海外グッズ情報🇭🇰】 香港限定「Sanrio characters 香港街頭小食系列」が発表！ エッグタルトやフィッシュボール、ミルクティーなど香港の屋台グルメに変身したサンリオキャラが登場モチーフ✨ 9/8より香港Sanrio Gift Gateオンラインストア（Sanrio Smile HK会員限定）で発売開始！ #サンリオ https://t.co/ph7OyO7uF4,https://x.com/sanrio_fan_jp/status/2096056212899155992,26306,36,266,4,5,0,0,5,14,33,1,1,0
560,2100029527598772727,"Wed, Sep 16, 2026",🌟✨☁️【 🎀 本日12時発売！サンリオ ふわもこコレクション 🎀 】✨🌟 バースデイオンラインストアにて「Sanrio characters mokomoko Collection」が本日9月16日(水) 12:00より販売スタート！🎉✨ ふわふわのボア素材に包まれる、かわいさ満点のポンチョ＆ジャンプスーツ（着ぐるみ）が登場！ https://t.co/51NQOfcNZO,https://x.com/sanrio_fan_jp/status/2100029527598772727,21440,114,1955,29,8,1,0,17,85,74,7,20,0
561,2093123283810201693,"Thu, Aug 27, 2026",【海外グッズ情報】 韓国オリーブヤング×サンリオキャラクターズの大型コラボ「City Log」が8/30〜9/30開催！ 韓国の都市やライフスタイルを楽しみたいハローキティたちが登場。81ブランド・321種類 歴代最大規模アイテムが展開予定です！ #サンリオ #韓国コスメ #オリーブヤング https://t.co/EdjA2EJxnI,https://x.com/sanrio_fan_jp/status/2093123283810201693,7607,86,296,13,1,0,0,10,14,29,5,7,0
562,2082266477227590003,"Wed, Jul 29, 2026",＼8/1(土)発売！はなまるおばけ×アベイル👻🍥／ 今日もがんばったあなたにハナマルをくれる「はなまるおばけ」の可愛い新作がAvailに登場✨ 癒やされるクッションや普段使いしやすいバッグ、ポーチなど大充実のラインナップ！ #はなまるおばけ #アベイル #サンリオ https://t.co/ieWoOcWcPX,https://x.com/sanrio_fan_jp/status/2082266477227590003,65121,1430,14436,445,71,2,1,265,189,369,11,77,0
563,2071570898356953550,"Mon, Jun 29, 2026",https://t.co/xniRETuqIp,https://x.com/sanrio_fan_jp/status/2071570898356953550,2960,24,441,8,1,0,0,3,7,5,0,0,0
564,2076498904422731840,"Mon, Jul 13, 2026",「HELLO KITTY × 3COINS」待望のコラボグッズ第3弾が7月18日(土)より発売決定！🍎🖤 今回は大人っぽいモノトーンや千鳥格子を取り入れた、トレンド感満載のガーリーなアイテムが勢揃い。実店舗＆公式通販「PAL CLOSET」にて同日発売です。 ⚠️【店頭販売に関する重要なお知らせ】 https://t.co/77ZycfVQ0r,https://x.com/sanrio_fan_jp/status/2076498904422731840,24318,172,3671,43,12,2,1,20,215,128,2,44,0
565,2072127618921693558,"Wed, Jul 1, 2026",サンリオから「毎日つカエルけろけろけろっぴデザインシリーズ」が新登場。 https://t.co/X2NIcFpevi,https://x.com/sanrio_fan_jp/status/2072127618921693558,85104,1646,14367,271,93,8,2,290,234,214,11,0,0
566,2079902013526245869,"Wed, Jul 22, 2026",＼キティ×3COINS 受注販売決定🐱❤️／ 大好評の「HELLO KITTY×3COINS」がPAL CLOSET限定で受注販売スタート！先着順や数量限定ではないので期間中なら確実に買えます✨ 📅期間：7/23(木)〜7/29(水)23:59 📦お届け：11月中旬頃予定 ⚠️各商品5点まで/通常商品と同梱不可 #3COINS #スリコ #ハローキティ https://t.co/YiIWSxiReN,https://x.com/sanrio_fan_jp/status/2079902013526245869,83631,1000,13856,328,47,10,1,129,126,248,9,117,0
567,2081531744524849235,"Mon, Jul 27, 2026",パティスリー モンシェールから、夏らしさ全開の可愛すぎる限定スイーツが登場です！✨ 本日7月27日（月）より「堂島ロールオン・ハローキティ SUMMER」が販売開始されました！ ☀️夏限定の特別デザイン https://t.co/Yu0wCqBF8M,https://x.com/sanrio_fan_jp/status/2081531744524849235,25926,252,1983,48,11,0,0,38,27,29,3,8,0
568,2092793839794913620,"Thu, Aug 27, 2026",＼カプセルトイ新作情報／ キタンクラブから「PUTITTO サンリオキャラクターズ いちごみるくなフロッキー」が8月下旬より順次発売🍓✨ 【アイテム概要】 コップのフチにちょこんとひっかけて遊べる大人気PUTITTOシリーズ！ https://t.co/yh8kT372e3,https://x.com/sanrio_fan_jp/status/2092793839794913620,3448,14,164,2,2,0,0,1,4,18,2,0,0
569,2098371373274185989,"Fri, Sep 11, 2026",【9/12発売】シャンブルに「サンリオキャラクターズ」の新作アイテムが登場！🎀 限定のバッグチャームやルームウェア、落ち着いたデザインの食器やクッションなど盛りだくさん✨ 同日12:00〜オンラインストアでも販売開始です！🛒 ※始良店は対象外 #サンリオ #シャンブル #ハローキティ https://t.co/kgeZscU5Ha,https://x.com/sanrio_fan_jp/status/2098371373274185989,5877,23,424,4,2,0,0,4,10,13,7,2,0
570,2095033928851845270,"Wed, Sep 2, 2026","【新グッズ情報】 サンリオキャラクターズ×神戸風月堂がハロウィン初コラボ🎃 ドラキュラ仮装のハローキティ＆タイニーチャム、魔女のマイメロディ＆クロミ描くミニゴーフル缶が登場！ ハローキティ（648円） マイメロディ＆クロミ（648円） 2入（1,296円） #ハロウィン #サンリオ #神戸風月堂 https://t.co/XGNqsfuvYO",https://x.com/sanrio_fan_jp/status/2095033928851845270,5042,96,233,8,2,0,0,15,3,19,3,3,0
571,2072883312910311500,"Fri, Jul 3, 2026",詳細はこちら💁‍♀️ https://t.co/xcOsBV653Z,https://x.com/sanrio_fan_jp/status/2072883312910311500,2395,6,847,4,4,2,0,0,1,367,471,0,0
572,2070608879956971710,"Fri, Jun 26, 2026",Amazonはこちら💁‍♀️#pr https://t.co/uC4g937gVf,https://x.com/sanrio_fan_jp/status/2070608879956971710,840,1,4,0,0,0,0,1,0,1,1,0,0
573,2071758006136771055,"Tue, Jun 30, 2026",ほ...ほ..ほしい！ https://t.co/flC5TSTFxw,https://x.com/sanrio_fan_jp/status/2071758006136771055,71663,611,4103,73,12,1,0,72,17,159,2,0,0
574,2072440976703131901,"Wed, Jul 1, 2026",セイコー（SEIKO）から「ハローキティ新幹線 フィナーレ記念 機械式ウオッチ」が登場！✨ 5月に運行を終了したハローキティ新幹線のラストランを祝したメモリアル仕様。文字盤のピンク＆ブラックの美しいグラデーションや、制服姿のキティちゃんがたまらないプレミアムな腕時計です。 https://t.co/oAjmaldV9q,https://x.com/sanrio_fan_jp/status/2072440976703131901,4534,17,275,3,0,0,0,4,8,75,0,0,0
575,2092835260765741317,"Thu, Aug 27, 2026",詳細はこちら💁‍♀️ https://t.co/HzybFzpQCf,https://x.com/sanrio_fan_jp/status/2092835260765741317,2235,2,244,0,0,0,0,0,0,109,133,0,0
576,2100208794085322822,"Wed, Sep 16, 2026",🌟💖【 販売中：サンリオ×TOP TOY 】💖🌟 TOP TOYから登場した「くるみ割り人形」シリーズのブラインドボックスフィギュアがAmazon等で絶賛販売中！✨ https://t.co/oPInr0S9lE,https://x.com/sanrio_fan_jp/status/2100208794085322822,27688,329,1832,57,24,4,0,42,17,95,64,7,0
577,2099812878287335670,"Tue, Sep 15, 2026",カラフルでポップなウサハナグッズが豊作すぎる…！🍍✨ 9/18(金)からむにゅぐるみパティオでウサハナの新作シリーズが販売スタート！サングラスをかけた「ポッピンフルーツ」シリーズのむにゅぐるみマスコットやステッカーが夏っぽくて可愛すぎます…！ https://t.co/DFPCekNHvb,https://x.com/sanrio_fan_jp/status/2099812878287335670,25732,338,3121,51,21,3,0,46,69,74,2,30,0
578,2071948799464055152,"Tue, Jun 30, 2026",https://t.co/U457VoKPKJ,https://x.com/sanrio_fan_jp/status/2071948799464055152,1149,8,79,2,0,0,1,0,2,2,0,0,0
579,2098348014775718021,"Fri, Sep 11, 2026",LIHIT LAB.×サンリオキャラクターズ🎀 「PuniLabo スタンドペンケース（全7種）」 大人気発売中！シリコーン素材の「PuniLabo」とサンリオのコラボペンケース✨ デスク周りの癒やし＆作業効率アップにぴったりのアイテムです。 ────────────── 💡使いやすさのポイント https://t.co/7CJLrjFBSQ,https://x.com/sanrio_fan_jp/status/2098348014775718021,6711,57,411,3,7,0,0,4,5,21,8,0,0
580,2099006505962082550,"Sun, Sep 13, 2026",【海外限定】カナダ「Hello Kitty Cafe Vancouver」の限定カフェグッズが可愛すぎる🇨🇦 バンクーバーにあるハローキティカフェ限定のオリジナルアイテムをご紹介！ カナダならではのメイプル（楓）デザインや、カフェ風のポップで可愛いグラフィックが盛りだくさんです。 https://t.co/122x2IbA50,https://x.com/sanrio_fan_jp/status/2099006505962082550,7671,70,422,10,2,0,0,4,6,16,4,4,0
581,2088561677176639559,"Sat, Aug 15, 2026","【POMPOMPURIN 30TH ANNIVERSARY 横浜赤レンガ倉庫コラボ】 📅期間：開催中〜9月13日(日) 📍場所：横浜赤レンガ倉庫 1・2号館 🎁特典・お楽しみポイント ▫️税込2,000円以上購入で「オリジナルステッカー」プレゼント ▫️2号館3Fに「チームプリン巨大バルーン(約2m)」設置 ▫️アプリ「Omoide https://t.co/KkMMPmukCj",https://x.com/sanrio_fan_jp/status/2088561677176639559,20463,305,1294,51,9,1,0,30,27,46,1,21,0
582,2101138399956762816,"Sat, Sep 19, 2026","🌟💖【 🖤 グッズ予約速報 🖤 】💖🌟 shopぬいから黒を基調とした「ぬいピン black style」が登場ブラック🖤✨ ぷっくり可愛いアップリケバッジ全12種！ バッグや服に付けて推し活を楽しもうバッグ✨ 🗓️ 発売：2027年2月予定 💰 単品 1,100円 / BOX 13,200円(税込) #サンリオ #ぬいピン #推し活 https://t.co/2eCDSCgpzT",https://x.com/sanrio_fan_jp/status/2101138399956762816,5822,25,479,6,1,0,0,4,6,36,0,0,0
583,2077284630240342238,"Wed, Jul 15, 2026",＼キティ×抹茶スイーツが可愛すぎる🍵💚／ ハローキティの新作「抹茶スイーツシリーズ」が7/25(土)より全国のファンシーショップで順次発売！どら焼きにおくるみされたマスコットや、中のラメがキラキラ動くキーホルダーなど普段使いにぴったりな和モダン雑貨です✨ #ハローキティ #サンリオ https://t.co/5rym54sFhN,https://x.com/sanrio_fan_jp/status/2077284630240342238,8821,65,796,12,4,1,1,12,6,23,0,9,0
584,2091735829890675086,"Mon, Aug 24, 2026",【韓国旅行・コラボ情報】 韓国のロッテワールドアクアリウムで秋のコラボイベント「サンリオキャラクターズ in ロッテワールドアクアリウム：マーメイドパーティ」が開催決定🧜‍♀️グラフィックイラストも公開！ https://t.co/N21wLxbP7d,https://x.com/sanrio_fan_jp/status/2091735829890675086,112067,961,3211,215,61,3,0,326,137,402,7,17,0
585,2101257985767157803,"Sat, Sep 19, 2026",🍂💖【 サンリオ海外新作速報 】💖🍂 サンリオ中国から秋の新作「藏进秋天（秋に隠れて）」シリーズが登場🍁✨ ベレー帽やチェック柄マフラーで秋コーデしたぬいぐるみキーホルダーや、ヘッド部分を取り外してブローチにもなるニットネックレスなど可愛さ満点🥺💖 #サンリオ #海外サンリオ #推し活 https://t.co/mo5c1CJbmh,https://x.com/sanrio_fan_jp/status/2101257985767157803,8037,145,1002,34,4,0,0,13,23,18,3,5,0
586,2099610651593511062,"Mon, Sep 14, 2026",＼ ドンキ＆アピタ・ピアゴ限定アイテム 🛍️ ／ サンリオキャラクターの「ソフトパックティッシュケース」が絶賛発売中！ うつ伏せで置いても、フックに掛けて使っても映える可愛いデザインです✨ ティッシュを取り出すたびにほっこりした気分になれそう♪ ・全4種（キティ / マイメロ / シナモン / https://t.co/3RzZUJpCNn,https://x.com/sanrio_fan_jp/status/2099610651593511062,5000,31,104,8,0,0,0,4,8,24,3,0,0
587,2084489412684259813,"Tue, Aug 4, 2026",【ガチャ情報】タカラトミーから「チャイルドシートチャーム」が企画中！🍼✨ 赤ちゃんみたいにチャイルドシートへちょこんとお座りした姿が可愛すぎる……！ボールチェーン付きでバッグ等に付けられます♡ 📅2026年11月発売予定 💰1回400円（全5種） #サンリオ #ガチャガチャ https://t.co/0SNZikqx0l,https://x.com/sanrio_fan_jp/status/2084489412684259813,6871,43,258,17,6,0,0,8,5,15,3,1,0
588,2099840283991241127,"Tue, Sep 15, 2026",🌟💖【 📣 サンリオ9月16日(水)発売 新作ラインナップ 📣 】💖🌟 サンリオからかわいすぎる新作アイテムがたくさん登場！ 発売日やラインナップをまとめてチェック✨ 💖✨💖✨💖✨💖 📣 みんなを応援！チアリステイルズシリーズ 🎀 ミニチュアパッケージチャームシリーズ ✨ フロッキーアクセサリー https://t.co/CPykjc7P8a,https://x.com/sanrio_fan_jp/status/2099840283991241127,147497,189,12262,45,5,3,0,15,71,583,557,22,0
589,2100715769705501091,"Thu, Sep 17, 2026",＼本日発売！👼✨／ サンリオ×LAFARYの人気シリーズから最新作「ときめき戦士 -Lumina-」が登場💖 ホワイトローズと儚い世界観が可愛すぎる…！ SHIBUYA109渋谷・原宿竹下通り・HEP FIVE・オンラインにて本日9/18(金)より販売開始です✨ ⚠️マスコットは各3点まで #サンリオ #LAFARY #ときめき戦士 https://t.co/kPnpNpcN9E,https://x.com/sanrio_fan_jp/status/2100715769705501091,14814,358,1485,42,6,1,0,52,82,74,5,41,0
590,2071431449048395887,"Mon, Jun 29, 2026",詳細はこちら💁‍♀️ https://t.co/SfRwyJM7lV,https://x.com/sanrio_fan_jp/status/2071431449048395887,2730,7,588,6,5,0,0,1,10,306,264,0,0
591,2092781099269472672,"Thu, Aug 27, 2026",「ハンギョドン当りくじ」が9/5(土)より順次発売決定！🫧 ハンギョドンとさゆりちゃんの「なかよしお風呂タイム」がテーマです🛁ハズレなしで加湿器やバスクロックなど可愛い実用グッズが当たります♪ 🗓9/5(土)〜順次 💰1回880円(税込) 📍全国のサンリオショップ、コンビニ等 #ハンギョドン https://t.co/Fd3qNBGhtc,https://x.com/sanrio_fan_jp/status/2092781099269472672,11280,97,1006,16,4,0,1,18,11,81,1,2,0
592,2083061415544586673,"Fri, Jul 31, 2026",【サンリオ最新グッズ情報】ウサハナファン大歓喜のコレクションが登場！🐰💖 一般販売に先駆けて、2026年8月14日(金)から全国のキディランド23店舗限定で「ウサハナ スライドアップコレクション」の先行販売がスタートします！✨ https://t.co/k97K7hSlHh,https://x.com/sanrio_fan_jp/status/2083061415544586673,66814,131,1506,24,21,3,0,21,28,61,1,4,0
593,2081671258526335046,"Mon, Jul 27, 2026",ROKU × サンリオキャラクターズの限定コラボが8/4(火)発売決定！💎 キティやハンギョドンなど6キャラが“6”の要素を身につけた全7型の大人可愛いコレクション✨店舗販売は入店抽選形式、8/6(木)からはオンライン予約もスタートします。 #ROKU #サンリオ #サンリオキャラクターズ https://t.co/Wb7S6aQ300,https://x.com/sanrio_fan_jp/status/2081671258526335046,87918,1166,12723,241,86,1,0,137,288,151,8,267,0
594,2096443797723033944,"Sun, Sep 6, 2026",楽天スーパーSALE開催中！🛍️✨ サンリオ×恐竜コラボの可愛いポーチシリーズが半額以下の特別価格に！🦖💖 ハート型カラビナ付きでバッグへの取り付けもラクラク◎リップや小物の収納にぴったりです！ 売り切れる前にチェックしてみてください👀👇 楽天チェックする🛒 https://t.co/ZyZUqhCHOR https://t.co/bF1yYBt6nh,https://x.com/sanrio_fan_jp/status/2096443797723033944,9240,97,675,18,1,0,0,4,9,103,71,3,0
595,2099107732049850706,"Sun, Sep 13, 2026",【PLAZA取扱】Studio17 × ハローキティ「Sweet Edition」コレクション 🎀✨ 韓国等で人気のメイクツールブランド Studio17 より、キティちゃんモチーフの甘く愛らしいコスメツールシリーズが登場！ ◆ コレクション特徴 ・ピンクをベースにしたガーリー＆スイートなデザイン https://t.co/dGi5uN4KaI,https://x.com/sanrio_fan_jp/status/2099107732049850706,29711,375,4537,68,5,7,0,35,58,92,8,46,0
596,2096440583644749948,"Sun, Sep 6, 2026",サンリオキャラクターユニット「きゅあかわきゅーと！」初のポップアップストア開催決定！💖✨ 📍アニメイト池袋本店7F NORTH 📅2026/10/3(土)〜10/18(日) さらに10/17・18にはアニメイトシアターでスペシャルコラボライブも決定！🎤🎶 #きゅあかわきゅーと #サンリオ #アニメイト https://t.co/yruRPJKec4,https://x.com/sanrio_fan_jp/status/2096440583644749948,47846,265,9135,84,5,0,0,19,70,270,6,48,0
597,2089720430307500485,"Tue, Aug 18, 2026",海外マクドナルドのハッピーセット「Hello Kitty and Friends x Godzilla」のラインナップが最高に胸熱🔥 🎀キティ×ゴジラ 😈クロミ×メカゴジラ 🌸マイメロ×モスラ ⭐ばつ丸×ラドン 🍮プリン×ガイガン ☁シナモン×デストロイア 🐾チョコキャット×スペースゴジラ 🐸けろっぴ×キングギドラ #Sanrio https://t.co/BBLi5IXe6V,https://x.com/sanrio_fan_jp/status/2089720430307500485,23006,150,1025,20,12,3,0,21,16,59,0,5,0
598,2075190240206307608,"Thu, Jul 9, 2026",＼ 🇹🇼 台湾限定・サンリオ×點點心コラボ ／ 人気点心店「點點心」全店で、ハローキティ・ポムポムプリン・バッドばつ丸との限定コラボメニュー（全11種）＆グッズが登場 🎀✨ 📅 期間：7/13〜9/13 📍 https://t.co/OKVHn5r6UJ,https://x.com/sanrio_fan_jp/status/2075190240206307608,223177,769,14231,215,114,1,1,143,142,582,3,53,0
599,2097453261657903340,"Tue, Sep 8, 2026",＼エモすぎてキュン死💥／ TOP TOYからハローキティ＆ディアダニエルの「ウェディングセレモニー」ブラインドボックスが登場💍✨ プロポーズや挙式、パーティまでふたりの愛の軌跡を再現！ブーケや指輪など細部までハイクオリティです💐 #ハローキティ #ディアダニエル #サンリオ https://t.co/Gv4XY6Re7y,https://x.com/sanrio_fan_jp/status/2097453261657903340,13067,172,768,24,9,0,3,16,21,23,2,8,0
600,2097709189057642844,"Wed, Sep 9, 2026",Amazonにて「メルヘンパーティデザインシリーズ」が販売中☆ ドレス姿で優雅なアフタヌーンティーパーティを楽しむサンリオキャラクターズ！淡いパステルカラーやフリル、リボンがおめかしされたかわいいシリーズです♪ マスコットチャームやブローチなどチェック♡ Amazonでチェックする🛒 https://t.co/KSTaTRz6xq,https://x.com/sanrio_fan_jp/status/2097709189057642844,15400,355,1656,43,5,1,0,55,33,132,123,10,0
601,2097443619280199938,"Tue, Sep 8, 2026",【海外イベント情報】＼渡韓予定のサンリオ好き集合💥／ 韓国のオリーブヤングにて「サンリオキャラクターズ CITY TOUR」イベントが開催中！ 📍開催場所・日程 ・トレンドポット聖水：8/30〜9/13 ・オリーブヤングN 聖水：8/30〜9/30 ・体験プログラム：9/6〜9/30 🎀体験プログラム ・サンリオ https://t.co/7ffjffL2TS,https://x.com/sanrio_fan_jp/status/2097443619280199938,8920,57,95,31,6,0,0,8,11,18,0,0,0
602,2072932308500574504,"Fri, Jul 3, 2026",追加で他の子たちのデザインも可愛すぎるから見てほしい…！🎀✨ マイメロちゃんもキティちゃんも、一生懸命スマホを支えてくれてるポーズがたまらなく愛おしいです。デスク周りにちょこんと置いておくだけで癒やし効果抜群！ #サンリオ #マイメロディ #ハローキティ https://t.co/Xfc9C3SbTl,https://x.com/sanrio_fan_jp/status/2072932308500574504,126401,884,8146,194,37,1,0,58,148,97,1,50,0
603,2100136443368943924,"Wed, Sep 16, 2026",🌺🐆【 サンキューマート再入荷 】🐆🌺 大人気の「ギャルキティ」アイテムが再入荷！✨ 日焼けしたハローキティやヒョウ柄、ハイビスカスモチーフなど、持つだけでY2K感満載のかわいいグッズが勢揃い💖 全品 390円（税込429円） 楽天で探してみる🔍 https://t.co/g2r4yD63UU #サンキューマート https://t.co/bT2ngyUb59,https://x.com/sanrio_fan_jp/status/2100136443368943924,2621,10,92,1,0,0,0,0,0,9,6,2,0
604,2082060739536429302,"Tue, Jul 28, 2026",＼シャンブル×ポムポムプリンの新作コラボが可愛すぎる🍮✨／ 7/29（水）より、シャンブル店舗＆オンラインストアにポムポムプリンの限定アイテムが多数登場します！毎日の生活が楽しくなるバッグから、30thアニバーサリー仕様の華やかな食器まで大充実のラインナップです👇 👜 https://t.co/0KF012HHAM,https://x.com/sanrio_fan_jp/status/2082060739536429302,61030,728,11783,244,58,17,0,131,149,182,13,41,0
605,2098917439199383670,"Sat, Sep 12, 2026",【🇹🇼海外サンリオ新情報】 台湾7-ELEVEN！ドイツブランド「Buderus」×サンリオキャラクターズの真空保温保冷タンブラー（710ml）が登場！✨ ────────────── 🎀 ラインナップ＆価格 ────────────── ① 立体フィギュア蓋タイプ（全5種 / 699元） https://t.co/vzgBYYJ6C2,https://x.com/sanrio_fan_jp/status/2098917439199383670,38730,405,3990,78,35,14,3,58,62,152,6,22,0
606,2072575531565117497,"Thu, Jul 2, 2026",公式からの詳細はこちら💁‍♀️ https://t.co/sAeBYZ2ZfI,https://x.com/sanrio_fan_jp/status/2072575531565117497,1212,9,279,2,1,0,0,0,0,157,113,0,0
607,2097453521700552845,"Tue, Sep 8, 2026",Amazonでチェックする🛒 #pr https://t.co/KVuEDqyby4,https://x.com/sanrio_fan_jp/status/2097453521700552845,1569,2,108,0,0,1,0,0,0,47,58,0,0
608,2101110814073552951,"Sat, Sep 19, 2026",🌟💖【 💛 海外グッズ速報 💛 】💖🌟 MarTUBEからサンリオキャラクターズの「ハウス型音声制御ナイトライト」が登場🏡💡 声で点灯操作ができる優れもの声に反応✨ 背部に磁石付きでピタッと貼れる便利仕様磁石💖 ❤️ ハローキティ 🩷 マイメロディ 💛 ポムポムプリン #サンリオ #MarTUBE https://t.co/D5wdnL7JAa,https://x.com/sanrio_fan_jp/status/2101110814073552951,3356,13,85,2,0,0,0,2,2,6,1,0,0
609,2092860936931639379,"Thu, Aug 27, 2026",【海外グッズ/イベント情報】 韓国でポムポムプリン×チュンシク（カカオフレンズ）のコラボ「チュンチュンポムポム」が登場中💛 韓国の農場体験をテーマにした限定グッズやフォトスポットが展開中！ 📍カカオフレンズ 弘大フラッグシップストア ⏰10:30〜22:00 #ポムポムプリン #カカオフレンズ https://t.co/jpuXrNmHM3,https://x.com/sanrio_fan_jp/status/2092860936931639379,19128,214,2057,51,18,0,0,26,38,49,5,11,0
610,2097703651972444624,"Wed, Sep 9, 2026","[Japan Merch Spot] 🌸 New Sanrio prize plushies incoming! The ""Luna et Sol"" (Moon &amp; Sun) collection drops sequentially in Japanese arcades starting Sept 11, 2026. 🌙☀️ Visiting or living in Japan? Check Sega game centers to grab them! #Sanrio #JapanGoods #SegaPrize https://t.co/mFFkon3ZBE",https://x.com/sanrio_fan_jp/status/2097703651972444624,3669,35,87,4,0,0,0,2,2,3,0,0,0
611,2072152424358576396,"Wed, Jul 1, 2026",7月サンリオの新作ガシャポンが可愛すぎる…！ 傘の取っ手やポーチに付けられる便利な「めじるしアクセサリー」をはじめ、リップクリームに装着できる「マスコットキャップチャーム」など、毎日使える実用的な優秀アイテムが勢揃い。 価格はすべて1回300円（税込）。見かけたらぜひ回してみてね！ https://t.co/2RklK94okI,https://x.com/sanrio_fan_jp/status/2072152424358576396,39013,283,6166,33,4,1,0,29,25,36,1,0,0
612,2100188270697320729,"Wed, Sep 16, 2026",⚓️✨【横浜限定】ぷっくりシール！✨⚓️ 横浜の名所（中華街や港の風景など）とサンリオキャラクターズがコラボした「ぷっくりシール」が登場しました！チャイナ服や水兵さん風の衣装を着たキャラクターたちがとってもキュートですデザインです♡ https://t.co/jbCqR0O3PQ,https://x.com/sanrio_fan_jp/status/2100188270697320729,5010,25,332,8,2,0,0,6,6,20,0,0,0
613,2092528444630553055,"Wed, Aug 26, 2026",不二家×ポムポムプリン30周年コラボ商品が登場🍮✨ ミルキーチョコレートやカントリーマアム、グミ、ミルキークッキー（すべてプリン味）に加えてファミリーマート限定のタルトも発売決定！ 📍全国のスーパー、コンビニ、ファミリーマートなど 詳細はこちら https://t.co/53vBTJTQ29 https://t.co/Sdx1YXRUsS,https://x.com/sanrio_fan_jp/status/209252844